<event>
  <type>Notification</type>
  <process_id>13576</process_id>
  <process>notepad</process>
  <message>Started</message>
  <time>2022-11-11T09:06:40.3111077+06:00</time>
</event>
<event>
  <type>Notification</type>
  <process_id>13576</process_id>
  <process>notepad</process>
  <message>Memory: 1556480; Processor time:140; Thread count: 1; Handle count: 5; </message>
  <time>2022-11-11T09:06:42.6538921+06:00</time>
</event>
<event>
  <type>Notification</type>
  <process_id>13576</process_id>
  <process>notepad</process>
  <message>Memory: 1556480; Processor time:140; Thread count: 1; Handle count: 5; </message>
  <time>2022-11-11T09:06:44.6683346+06:00</time>
</event>
<event>
  <type>Notification</type>
  <process_id>13576</process_id>
  <process>notepad</process>
  <message>Memory: 1556480; Processor time:171; Thread count: 1; Handle count: 5; </message>
  <time>2022-11-11T09:06:46.6769136+06:00</time>
</event>
<event>
  <type>Notification</type>
  <process_id>13576</process_id>
  <process>notepad</process>
  <message>Memory: 1556480; Processor time:375; Thread count: 1; Handle count: 5; </message>
  <time>2022-11-11T09:06:48.6854104+06:00</time>
</event>
<event>
  <type>Warning</type>
  <process_id>13576</process_id>
  <process>notepad</process>
  <message>Memory: 1556480; Warning Processor time:859; Thread count: 1; Handle count: 5; </message>
  <time>2022-11-11T09:06:49.6397415+06:00</time>
</event>
<event>
  <type>Notification</type>
  <process_id>13576</process_id>
  <process>notepad</process>
  <message>Memory: 1556480; Processor time:468; Thread count: 1; Handle count: 5; </message>
  <time>2022-11-11T09:06:50.7016018+06:00</time>
</event>
<event>
  <type>Notification</type>
  <process_id>13576</process_id>
  <process>notepad</process>
  <message>Memory: 1556480; Processor time:500; Thread count: 1; Handle count: 5; </message>
  <time>2022-11-11T09:06:52.7195069+06:00</time>
</event>
<event>
  <type>Notification</type>
  <process_id>13576</process_id>
  <process>notepad</process>
  <message>Memory: 1556480; Processor time:531; Thread count: 1; Handle count: 5; </message>
  <time>2022-11-11T09:06:54.7351124+06:00</time>
</event>
<event>
  <type>Warning</type>
  <process_id>13576</process_id>
  <process>notepad</process>
  <message>Memory: 1556480; Warning Processor time:859; Thread count: 1; Handle count: 5; </message>
  <time>2022-11-11T09:06:56.3903627+06:00</time>
</event>
<event>
  <type>Notification</type>
  <process_id>13576</process_id>
  <process>notepad</process>
  <message>Memory: 1556480; Processor time:31; Thread count: 1; Handle count: 5; </message>
  <time>2022-11-11T09:06:56.7517353+06:00</time>
</event>
<event>
  <type>Notification</type>
  <process_id>13576</process_id>
  <process>notepad</process>
  <message>Memory: 1556480; Processor time:828; Thread count: 1; Handle count: 5; </message>
  <time>2022-11-11T09:06:58.7672996+06:00</time>
</event>
<event>
  <type>Warning</type>
  <process_id>13576</process_id>
  <process>notepad</process>
  <message>Memory: 1556480; Warning Processor time:859; Thread count: 1; Handle count: 5; </message>
  <time>2022-11-11T09:06:58.8281652+06:00</time>
</event>
<event>
  <type>Notification</type>
  <process_id>13576</process_id>
  <process>notepad</process>
  <message>Memory: 1556480; Processor time:453; Thread count: 1; Handle count: 5; </message>
  <time>2022-11-11T09:07:00.7913477+06:00</time>
</event>
<event>
  <type>Warning</type>
  <process_id>13576</process_id>
  <process>notepad</process>
  <message>Memory: 1556480; Warning Processor time:859; Thread count: 1; Handle count: 5; </message>
  <time>2022-11-11T09:07:01.0262442+06:00</time>
</event>
<event>
  <type>Notification</type>
  <process_id>13576</process_id>
  <process>notepad</process>
  <message>Memory: 1556480; Processor time:265; Thread count: 1; Handle count: 5; </message>
  <time>2022-11-11T09:07:02.8010551+06:00</time>
</event>
<event>
  <type>Warning</type>
  <process_id>13576</process_id>
  <process>notepad</process>
  <message>Memory: 1556480; Warning Processor time:859; Thread count: 1; Handle count: 5; </message>
  <time>2022-11-11T09:07:04.2911486+06:00</time>
</event>
<event>
  <type>Notification</type>
  <process_id>13576</process_id>
  <process>notepad</process>
  <message>Memory: 1556480; Processor time:343; Thread count: 1; Handle count: 5; </message>
  <time>2022-11-11T09:07:04.8219691+06:00</time>
</event>
<event>
  <type>Notification</type>
  <process_id>13576</process_id>
  <process>notepad</process>
  <message>Memory: 1556480; Processor time:812; Thread count: 1; Handle count: 5; </message>
  <time>2022-11-11T09:07:06.8358304+06:00</time>
</event>
<event>
  <type>Warning</type>
  <process_id>13576</process_id>
  <process>notepad</process>
  <message>Memory: 1556480; Warning Processor time:859; Thread count: 1; Handle count: 5; </message>
  <time>2022-11-11T09:07:07.1824106+06:00</time>
</event>
<event>
  <type>Warning</type>
  <process_id>13576</process_id>
  <process>notepad</process>
  <message>Memory: 1556480; Warning Processor time:859; Thread count: 1; Handle count: 5; </message>
  <time>2022-11-11T09:07:08.1978633+06:00</time>
</event>
<event>
  <type>Notification</type>
  <process_id>13576</process_id>
  <process>notepad</process>
  <message>Memory: 1556480; Processor time:468; Thread count: 1; Handle count: 5; </message>
  <time>2022-11-11T09:07:08.8519498+06:00</time>
</event>
<event>
  <type>Warning</type>
  <process_id>13576</process_id>
  <process>notepad</process>
  <message>Memory: 1556480; Warning Processor time:859; Thread count: 1; Handle count: 5; </message>
  <time>2022-11-11T09:07:09.2292508+06:00</time>
</event>
<event>
  <type>Warning</type>
  <process_id>13576</process_id>
  <process>notepad</process>
  <message>Memory: 1556480; Warning Processor time:859; Thread count: 1; Handle count: 5; </message>
  <time>2022-11-11T09:07:10.3101479+06:00</time>
</event>
<event>
  <type>Notification</type>
  <process_id>13576</process_id>
  <process>notepad</process>
  <message>Memory: 1556480; Warning Processor time:953; Thread count: 1; Handle count: 5; </message>
  <time>2022-11-11T09:07:10.8750895+06:00</time>
</event>
<event>
  <type>Warning</type>
  <process_id>13576</process_id>
  <process>notepad</process>
  <message>Memory: 1556480; Warning Processor time:968; Thread count: 1; Handle count: 5; </message>
  <time>2022-11-11T09:07:11.3219409+06:00</time>
</event>
<event>
  <type>Warning</type>
  <process_id>13576</process_id>
  <process>notepad</process>
  <message>Memory: 1556480; Warning Processor time:984; Thread count: 1; Handle count: 5; </message>
  <time>2022-11-11T09:07:12.3337397+06:00</time>
</event>
<event>
  <type>Notification</type>
  <process_id>13576</process_id>
  <process>notepad</process>
  <message>Memory: 1556480; Warning Processor time:984; Thread count: 1; Handle count: 5; </message>
  <time>2022-11-11T09:07:12.8979471+06:00</time>
</event>
<event>
  <type>Notification</type>
  <process_id>13576</process_id>
  <process>notepad</process>
  <message>Memory: 1556480; Processor time:687; Thread count: 1; Handle count: 5; </message>
  <time>2022-11-11T09:07:14.9226477+06:00</time>
</event>
<event>
  <type>Warning</type>
  <process_id>13576</process_id>
  <process>notepad</process>
  <message>Memory: 1556480; Warning Processor time:859; Thread count: 1; Handle count: 5; </message>
  <time>2022-11-11T09:07:16.2442217+06:00</time>
</event>
<event>
  <type>Notification</type>
  <process_id>13576</process_id>
  <process>notepad</process>
  <message>Memory: 1556480; Warning Processor time:906; Thread count: 1; Handle count: 5; </message>
  <time>2022-11-11T09:07:16.9259718+06:00</time>
</event>
<event>
  <type>Warning</type>
  <process_id>13576</process_id>
  <process>notepad</process>
  <message>Memory: 1556480; Warning Processor time:921; Thread count: 1; Handle count: 5; </message>
  <time>2022-11-11T09:07:17.257094+06:00</time>
</event>
