<event>
  <type>Notification</type>
  <process_id>19324</process_id>
  <process>EXCEL19324</process>
  <message>Started</message>
  <time>2022-11-29T22:57:34.8323258+06:00</time>
</event>
<event>
  <type>Notification</type>
  <process_id>19324</process_id>
  <process>EXCEL19324</process>
  <message>Memory: 47054848; Processor time:796; Thread count: 20; Handle count: 590; </message>
  <time>2022-11-29T22:57:36.026132+06:00</time>
</event>
<event>
  <type>Notification</type>
  <process_id>19324</process_id>
  <process>EXCEL19324</process>
  <message>Memory: 74874880; Processor time:656; Thread count: 34; Handle count: 836; </message>
  <time>2022-11-29T22:57:37.2741936+06:00</time>
</event>
<event>
  <type>Notification</type>
  <process_id>19324</process_id>
  <process>EXCEL19324</process>
  <message>Memory: 125603840; Processor time:0; Thread count: 46; Handle count: 1098; </message>
  <time>2022-11-29T22:57:38.7131574+06:00</time>
</event>
<event>
  <type>Notification</type>
  <process_id>19324</process_id>
  <process>EXCEL19324</process>
  <message>Memory: 126623744; Processor time:78; Thread count: 48; Handle count: 1106; </message>
  <time>2022-11-29T22:57:40.0434298+06:00</time>
</event>
<event>
  <type>Notification</type>
  <process_id>19324</process_id>
  <process>EXCEL19324</process>
  <message>Memory: 128737280; Processor time:156; Thread count: 50; Handle count: 1142; </message>
  <time>2022-11-29T22:57:41.2449022+06:00</time>
</event>
<event>
  <type>Notification</type>
  <process_id>19324</process_id>
  <process>EXCEL19324</process>
  <message>Memory: 129159168; Processor time:203; Thread count: 51; Handle count: 1152; </message>
  <time>2022-11-29T22:57:42.8350562+06:00</time>
</event>
<event>
  <type>Notification</type>
  <process_id>19324</process_id>
  <process>EXCEL19324</process>
  <message>Memory: 129134592; Processor time:203; Thread count: 50; Handle count: 1144; </message>
  <time>2022-11-29T22:57:44.0353218+06:00</time>
</event>
<event>
  <type>Notification</type>
  <process_id>19324</process_id>
  <process>EXCEL19324</process>
  <message>Memory: 129138688; Processor time:203; Thread count: 50; Handle count: 1144; </message>
  <time>2022-11-29T22:57:45.2392052+06:00</time>
</event>
<event>
  <type>Notification</type>
  <process_id>19324</process_id>
  <process>EXCEL19324</process>
  <message>Memory: 130183168; Processor time:328; Thread count: 49; Handle count: 1142; </message>
  <time>2022-11-29T22:57:46.5416366+06:00</time>
</event>
<event>
  <type>Notification</type>
  <process_id>19324</process_id>
  <process>EXCEL19324</process>
  <message>Memory: 135380992; Processor time:796; Thread count: 48; Handle count: 1203; </message>
  <time>2022-11-29T22:57:47.8231943+06:00</time>
</event>
<event>
  <type>Notification</type>
  <process_id>19324</process_id>
  <process>EXCEL19324</process>
  <message>Memory: 137277440; Processor time:203; Thread count: 48; Handle count: 1182; </message>
  <time>2022-11-29T22:57:49.1207082+06:00</time>
</event>
<event>
  <type>Notification</type>
  <process_id>19324</process_id>
  <process>EXCEL19324</process>
  <message>Memory: 137281536; Processor time:218; Thread count: 48; Handle count: 1182; </message>
  <time>2022-11-29T22:57:50.3342242+06:00</time>
</event>
<event>
  <type>Notification</type>
  <process_id>19324</process_id>
  <process>EXCEL19324</process>
  <message>Memory: 137281536; Processor time:218; Thread count: 48; Handle count: 1182; </message>
  <time>2022-11-29T22:57:51.5337308+06:00</time>
</event>
<event>
  <type>Notification</type>
  <process_id>19324</process_id>
  <process>EXCEL19324</process>
  <message>Memory: 137281536; Processor time:218; Thread count: 48; Handle count: 1184; </message>
  <time>2022-11-29T22:57:52.7545934+06:00</time>
</event>
<event>
  <type>Notification</type>
  <process_id>19324</process_id>
  <process>EXCEL19324</process>
  <message>Memory: 136675328; Processor time:218; Thread count: 48; Handle count: 1184; </message>
  <time>2022-11-29T22:57:53.9332774+06:00</time>
</event>
<event>
  <type>Notification</type>
  <process_id>19324</process_id>
  <process>EXCEL19324</process>
  <message>Memory: 136437760; Processor time:218; Thread count: 45; Handle count: 1165; </message>
  <time>2022-11-29T22:57:55.1486192+06:00</time>
</event>
<event>
  <type>Notification</type>
  <process_id>19324</process_id>
  <process>EXCEL19324</process>
  <message>Memory: 136462336; Processor time:250; Thread count: 45; Handle count: 1165; </message>
  <time>2022-11-29T22:57:56.4053266+06:00</time>
</event>
<event>
  <type>Notification</type>
  <process_id>19324</process_id>
  <process>EXCEL19324</process>
  <message>Memory: 136470528; Processor time:281; Thread count: 45; Handle count: 1165; </message>
  <time>2022-11-29T22:57:57.6308435+06:00</time>
</event>
<event>
  <type>Notification</type>
  <process_id>19324</process_id>
  <process>EXCEL19324</process>
  <message>Memory: 139563008; Processor time:484; Thread count: 46; Handle count: 1215; </message>
  <time>2022-11-29T22:57:58.9040186+06:00</time>
</event>
<event>
  <type>Notification</type>
  <process_id>19324</process_id>
  <process>EXCEL19324</process>
  <message>Memory: 140025856; Processor time:671; Thread count: 46; Handle count: 1209; </message>
  <time>2022-11-29T22:58:00.1127141+06:00</time>
</event>
<event>
  <type>Notification</type>
  <process_id>19324</process_id>
  <process>EXCEL19324</process>
  <message>Memory: 140025856; Processor time:765; Thread count: 46; Handle count: 1209; </message>
  <time>2022-11-29T22:58:01.3807624+06:00</time>
</event>
<event>
  <type>Notification</type>
  <process_id>19324</process_id>
  <process>EXCEL19324</process>
  <message>Memory: 140025856; Processor time:765; Thread count: 46; Handle count: 1209; </message>
  <time>2022-11-29T22:58:02.6864131+06:00</time>
</event>
<event>
  <type>Notification</type>
  <process_id>19324</process_id>
  <process>EXCEL19324</process>
  <message>Memory: 140025856; Processor time:765; Thread count: 46; Handle count: 1209; </message>
  <time>2022-11-29T22:58:04.0094803+06:00</time>
</event>
<event>
  <type>Notification</type>
  <process_id>19324</process_id>
  <process>EXCEL19324</process>
  <message>Memory: 139919360; Processor time:765; Thread count: 45; Handle count: 1209; </message>
  <time>2022-11-29T22:58:05.2357989+06:00</time>
</event>
<event>
  <type>Notification</type>
  <process_id>19324</process_id>
  <process>EXCEL19324</process>
  <message>Memory: 139898880; Processor time:765; Thread count: 45; Handle count: 1209; </message>
  <time>2022-11-29T22:58:06.429571+06:00</time>
</event>
<event>
  <type>Notification</type>
  <process_id>19324</process_id>
  <process>EXCEL19324</process>
  <message>Memory: 139907072; Processor time:765; Thread count: 45; Handle count: 1209; </message>
  <time>2022-11-29T22:58:07.6504015+06:00</time>
</event>
<event>
  <type>Notification</type>
  <process_id>19324</process_id>
  <process>EXCEL19324</process>
  <message>Memory: 139907072; Processor time:765; Thread count: 45; Handle count: 1209; </message>
  <time>2022-11-29T22:58:08.8457464+06:00</time>
</event>
<event>
  <type>Notification</type>
  <process_id>19324</process_id>
  <process>EXCEL19324</process>
  <message>Memory: 139894784; Processor time:765; Thread count: 44; Handle count: 1204; </message>
  <time>2022-11-29T22:58:10.0555305+06:00</time>
</event>
<event>
  <type>Notification</type>
  <process_id>19324</process_id>
  <process>EXCEL19324</process>
  <message>Memory: 139898880; Processor time:765; Thread count: 44; Handle count: 1204; </message>
  <time>2022-11-29T22:58:11.2621311+06:00</time>
</event>
<event>
  <type>Notification</type>
  <process_id>19324</process_id>
  <process>EXCEL19324</process>
  <message>Memory: 139898880; Processor time:765; Thread count: 44; Handle count: 1204; </message>
  <time>2022-11-29T22:58:12.5230899+06:00</time>
</event>
<event>
  <type>Notification</type>
  <process_id>19324</process_id>
  <process>EXCEL19324</process>
  <message>Memory: 139898880; Processor time:765; Thread count: 44; Handle count: 1204; </message>
  <time>2022-11-29T22:58:13.7567037+06:00</time>
</event>
<event>
  <type>Notification</type>
  <process_id>19324</process_id>
  <process>EXCEL19324</process>
  <message>Memory: 139898880; Processor time:765; Thread count: 44; Handle count: 1204; </message>
  <time>2022-11-29T22:58:14.9478796+06:00</time>
</event>
<event>
  <type>Notification</type>
  <process_id>19324</process_id>
  <process>EXCEL19324</process>
  <message>Memory: 139898880; Processor time:765; Thread count: 44; Handle count: 1204; </message>
  <time>2022-11-29T22:58:16.1877706+06:00</time>
</event>
<event>
  <type>Notification</type>
  <process_id>19324</process_id>
  <process>EXCEL19324</process>
  <message>Memory: 139898880; Processor time:765; Thread count: 44; Handle count: 1204; </message>
  <time>2022-11-29T22:58:17.3945387+06:00</time>
</event>
<event>
  <type>Notification</type>
  <process_id>19324</process_id>
  <process>EXCEL19324</process>
  <message>Memory: 139898880; Processor time:765; Thread count: 44; Handle count: 1203; </message>
  <time>2022-11-29T22:58:18.6511707+06:00</time>
</event>
<event>
  <type>Notification</type>
  <process_id>19324</process_id>
  <process>EXCEL19324</process>
  <message>Memory: 139898880; Processor time:765; Thread count: 44; Handle count: 1203; </message>
  <time>2022-11-29T22:58:19.8756013+06:00</time>
</event>
<event>
  <type>Notification</type>
  <process_id>19324</process_id>
  <process>EXCEL19324</process>
  <message>Memory: 139898880; Processor time:765; Thread count: 44; Handle count: 1203; </message>
  <time>2022-11-29T22:58:21.1018132+06:00</time>
</event>
<event>
  <type>Notification</type>
  <process_id>19324</process_id>
  <process>EXCEL19324</process>
  <message>Memory: 139657216; Processor time:765; Thread count: 44; Handle count: 1203; </message>
  <time>2022-11-29T22:58:22.3280127+06:00</time>
</event>
<event>
  <type>Notification</type>
  <process_id>19324</process_id>
  <process>EXCEL19324</process>
  <message>Memory: 139669504; Processor time:765; Thread count: 44; Handle count: 1203; </message>
  <time>2022-11-29T22:58:23.5706087+06:00</time>
</event>
<event>
  <type>Notification</type>
  <process_id>19324</process_id>
  <process>EXCEL19324</process>
  <message>Memory: 139689984; Processor time:765; Thread count: 44; Handle count: 1203; </message>
  <time>2022-11-29T22:58:24.8224946+06:00</time>
</event>
<event>
  <type>Notification</type>
  <process_id>19324</process_id>
  <process>EXCEL19324</process>
  <message>Memory: 139689984; Processor time:765; Thread count: 44; Handle count: 1203; </message>
  <time>2022-11-29T22:58:26.07308+06:00</time>
</event>
<event>
  <type>Notification</type>
  <process_id>19324</process_id>
  <process>EXCEL19324</process>
  <message>Memory: 139694080; Processor time:765; Thread count: 44; Handle count: 1203; </message>
  <time>2022-11-29T22:58:27.3273209+06:00</time>
</event>
<event>
  <type>Notification</type>
  <process_id>19324</process_id>
  <process>EXCEL19324</process>
  <message>Memory: 139694080; Processor time:765; Thread count: 44; Handle count: 1203; </message>
  <time>2022-11-29T22:58:28.5384616+06:00</time>
</event>
<event>
  <type>Notification</type>
  <process_id>19324</process_id>
  <process>EXCEL19324</process>
  <message>Memory: 139255808; Processor time:765; Thread count: 43; Handle count: 1195; </message>
  <time>2022-11-29T22:58:29.8090745+06:00</time>
</event>
<event>
  <type>Notification</type>
  <process_id>19324</process_id>
  <process>EXCEL19324</process>
  <message>Memory: 139198464; Processor time:765; Thread count: 43; Handle count: 1192; </message>
  <time>2022-11-29T22:58:31.0225827+06:00</time>
</event>
<event>
  <type>Notification</type>
  <process_id>19324</process_id>
  <process>EXCEL19324</process>
  <message>Memory: 139198464; Processor time:765; Thread count: 43; Handle count: 1192; </message>
  <time>2022-11-29T22:58:32.2060599+06:00</time>
</event>
<event>
  <type>Notification</type>
  <process_id>19324</process_id>
  <process>EXCEL19324</process>
  <message>Memory: 139198464; Processor time:765; Thread count: 43; Handle count: 1192; </message>
  <time>2022-11-29T22:58:33.4133535+06:00</time>
</event>
<event>
  <type>Notification</type>
  <process_id>19324</process_id>
  <process>EXCEL19324</process>
  <message>Memory: 139198464; Processor time:765; Thread count: 43; Handle count: 1192; </message>
  <time>2022-11-29T22:58:34.6006027+06:00</time>
</event>
<event>
  <type>Notification</type>
  <process_id>19324</process_id>
  <process>EXCEL19324</process>
  <message>Memory: 139186176; Processor time:765; Thread count: 42; Handle count: 1184; </message>
  <time>2022-11-29T22:58:35.8443541+06:00</time>
</event>
<event>
  <type>Notification</type>
  <process_id>19324</process_id>
  <process>EXCEL19324</process>
  <message>Memory: 139186176; Processor time:765; Thread count: 42; Handle count: 1184; </message>
  <time>2022-11-29T22:58:37.0684909+06:00</time>
</event>
<event>
  <type>Notification</type>
  <process_id>19324</process_id>
  <process>EXCEL19324</process>
  <message>Memory: 147738624; Processor time:765; Thread count: 34; Handle count: 1133; </message>
  <time>2022-11-29T22:58:38.2811003+06:00</time>
</event>
<event>
  <type>Notification</type>
  <process_id>19324</process_id>
  <process>EXCEL19324</process>
  <message>Memory: 147738624; Processor time:765; Thread count: 34; Handle count: 1135; </message>
  <time>2022-11-29T22:58:39.501466+06:00</time>
</event>
<event>
  <type>Notification</type>
  <process_id>19324</process_id>
  <process>EXCEL19324</process>
  <message>Memory: 147742720; Processor time:765; Thread count: 34; Handle count: 1135; </message>
  <time>2022-11-29T22:58:40.6853983+06:00</time>
</event>
<event>
  <type>Notification</type>
  <process_id>19324</process_id>
  <process>EXCEL19324</process>
  <message>Memory: 147742720; Processor time:765; Thread count: 34; Handle count: 1135; </message>
  <time>2022-11-29T22:58:41.9175531+06:00</time>
</event>
<event>
  <type>Notification</type>
  <process_id>19324</process_id>
  <process>EXCEL19324</process>
  <message>Memory: 147763200; Processor time:781; Thread count: 34; Handle count: 1135; </message>
  <time>2022-11-29T22:58:43.1049833+06:00</time>
</event>
<event>
  <type>Notification</type>
  <process_id>19324</process_id>
  <process>EXCEL19324</process>
  <message>Memory: 116506624; Processor time:781; Thread count: 34; Handle count: 1135; </message>
  <time>2022-11-29T22:58:44.3156101+06:00</time>
</event>
<event>
  <type>Notification</type>
  <process_id>19324</process_id>
  <process>EXCEL19324</process>
  <message>Memory: 116506624; Processor time:781; Thread count: 34; Handle count: 1135; </message>
  <time>2022-11-29T22:58:45.5698211+06:00</time>
</event>
<event>
  <type>Notification</type>
  <process_id>19324</process_id>
  <process>EXCEL19324</process>
  <message>Memory: 116506624; Processor time:781; Thread count: 34; Handle count: 1135; </message>
  <time>2022-11-29T22:58:46.8267873+06:00</time>
</event>
<event>
  <type>Notification</type>
  <process_id>19324</process_id>
  <process>EXCEL19324</process>
  <message>Memory: 116506624; Processor time:781; Thread count: 34; Handle count: 1135; </message>
  <time>2022-11-29T22:58:48.0524729+06:00</time>
</event>
<event>
  <type>Notification</type>
  <process_id>19324</process_id>
  <process>EXCEL19324</process>
  <message>Memory: 116506624; Processor time:781; Thread count: 34; Handle count: 1135; </message>
  <time>2022-11-29T22:58:49.3121319+06:00</time>
</event>
<event>
  <type>Notification</type>
  <process_id>19324</process_id>
  <process>EXCEL19324</process>
  <message>Memory: 116506624; Processor time:781; Thread count: 34; Handle count: 1135; </message>
  <time>2022-11-29T22:58:50.5371127+06:00</time>
</event>
<event>
  <type>Notification</type>
  <process_id>19324</process_id>
  <process>EXCEL19324</process>
  <message>Memory: 116506624; Processor time:781; Thread count: 34; Handle count: 1135; </message>
  <time>2022-11-29T22:58:51.7374783+06:00</time>
</event>
<event>
  <type>Notification</type>
  <process_id>19324</process_id>
  <process>EXCEL19324</process>
  <message>Memory: 116506624; Processor time:781; Thread count: 34; Handle count: 1135; </message>
  <time>2022-11-29T22:58:52.9724339+06:00</time>
</event>
<event>
  <type>Notification</type>
  <process_id>19324</process_id>
  <process>EXCEL19324</process>
  <message>Memory: 116506624; Processor time:781; Thread count: 34; Handle count: 1135; </message>
  <time>2022-11-29T22:58:54.1729948+06:00</time>
</event>
<event>
  <type>Notification</type>
  <process_id>19324</process_id>
  <process>EXCEL19324</process>
  <message>Memory: 116506624; Processor time:781; Thread count: 34; Handle count: 1135; </message>
  <time>2022-11-29T22:58:55.3852208+06:00</time>
</event>
<event>
  <type>Notification</type>
  <process_id>19324</process_id>
  <process>EXCEL19324</process>
  <message>Memory: 116506624; Processor time:781; Thread count: 34; Handle count: 1135; </message>
  <time>2022-11-29T22:58:56.6426206+06:00</time>
</event>
<event>
  <type>Notification</type>
  <process_id>19324</process_id>
  <process>EXCEL19324</process>
  <message>Memory: 116506624; Processor time:781; Thread count: 34; Handle count: 1135; </message>
  <time>2022-11-29T22:58:57.9020666+06:00</time>
</event>
<event>
  <type>Notification</type>
  <process_id>19324</process_id>
  <process>EXCEL19324</process>
  <message>Memory: 116506624; Processor time:781; Thread count: 34; Handle count: 1135; </message>
  <time>2022-11-29T22:58:59.0832224+06:00</time>
</event>
<event>
  <type>Notification</type>
  <process_id>19324</process_id>
  <process>EXCEL19324</process>
  <message>Finished</message>
  <time>2022-11-29T22:59:00.0658985+06:00</time>
</event>
