<event>
  <type>Notification</type>
  <process_id>20112</process_id>
  <process>EXCEL20112</process>
  <message>Started</message>
  <time>2022-11-29T22:57:55.7855593+06:00</time>
</event>
<event>
  <type>Notification</type>
  <process_id>20112</process_id>
  <process>EXCEL20112</process>
  <message>Memory: 60678144; Processor time:781; Thread count: 18; Handle count: 599; </message>
  <time>2022-11-29T22:57:56.9229804+06:00</time>
</event>
<event>
  <type>Notification</type>
  <process_id>20112</process_id>
  <process>EXCEL20112</process>
  <message>Memory: 60678144; Processor time:781; Thread count: 18; Handle count: 599; </message>
  <time>2022-11-29T22:57:58.1562601+06:00</time>
</event>
<event>
  <type>Notification</type>
  <process_id>20112</process_id>
  <process>EXCEL20112</process>
  <message>Memory: 60678144; Processor time:781; Thread count: 18; Handle count: 599; </message>
  <time>2022-11-29T22:57:59.3747971+06:00</time>
</event>
<event>
  <type>Notification</type>
  <process_id>20112</process_id>
  <process>EXCEL20112</process>
  <message>Memory: 60678144; Processor time:781; Thread count: 18; Handle count: 599; </message>
  <time>2022-11-29T22:58:00.5934958+06:00</time>
</event>
<event>
  <type>Notification</type>
  <process_id>20112</process_id>
  <process>EXCEL20112</process>
  <message>Memory: 60678144; Processor time:781; Thread count: 18; Handle count: 599; </message>
  <time>2022-11-29T22:58:01.8082372+06:00</time>
</event>
<event>
  <type>Notification</type>
  <process_id>20112</process_id>
  <process>EXCEL20112</process>
  <message>Memory: 60678144; Processor time:781; Thread count: 18; Handle count: 599; </message>
  <time>2022-11-29T22:58:03.0513187+06:00</time>
</event>
<event>
  <type>Notification</type>
  <process_id>20112</process_id>
  <process>EXCEL20112</process>
  <message>Memory: 60678144; Processor time:781; Thread count: 18; Handle count: 599; </message>
  <time>2022-11-29T22:58:04.3040993+06:00</time>
</event>
<event>
  <type>Notification</type>
  <process_id>20112</process_id>
  <process>EXCEL20112</process>
  <message>Memory: 60678144; Processor time:781; Thread count: 18; Handle count: 599; </message>
  <time>2022-11-29T22:58:05.5195972+06:00</time>
</event>
<event>
  <type>Notification</type>
  <process_id>20112</process_id>
  <process>EXCEL20112</process>
  <message>Memory: 60682240; Processor time:781; Thread count: 18; Handle count: 599; </message>
  <time>2022-11-29T22:58:06.7237813+06:00</time>
</event>
<event>
  <type>Notification</type>
  <process_id>20112</process_id>
  <process>EXCEL20112</process>
  <message>Memory: 60682240; Processor time:781; Thread count: 18; Handle count: 599; </message>
  <time>2022-11-29T22:58:07.9477028+06:00</time>
</event>
<event>
  <type>Notification</type>
  <process_id>20112</process_id>
  <process>EXCEL20112</process>
  <message>Memory: 60682240; Processor time:781; Thread count: 18; Handle count: 599; </message>
  <time>2022-11-29T22:58:09.1592898+06:00</time>
</event>
<event>
  <type>Notification</type>
  <process_id>20112</process_id>
  <process>EXCEL20112</process>
  <message>Memory: 60682240; Processor time:781; Thread count: 18; Handle count: 599; </message>
  <time>2022-11-29T22:58:10.3949898+06:00</time>
</event>
<event>
  <type>Notification</type>
  <process_id>20112</process_id>
  <process>EXCEL20112</process>
  <message>Memory: 60686336; Processor time:781; Thread count: 18; Handle count: 600; </message>
  <time>2022-11-29T22:58:11.5949976+06:00</time>
</event>
<event>
  <type>Notification</type>
  <process_id>20112</process_id>
  <process>EXCEL20112</process>
  <message>Memory: 60686336; Processor time:781; Thread count: 18; Handle count: 600; </message>
  <time>2022-11-29T22:58:12.8678829+06:00</time>
</event>
<event>
  <type>Notification</type>
  <process_id>20112</process_id>
  <process>EXCEL20112</process>
  <message>Memory: 60686336; Processor time:781; Thread count: 18; Handle count: 600; </message>
  <time>2022-11-29T22:58:14.096487+06:00</time>
</event>
<event>
  <type>Notification</type>
  <process_id>20112</process_id>
  <process>EXCEL20112</process>
  <message>Memory: 60686336; Processor time:781; Thread count: 18; Handle count: 600; </message>
  <time>2022-11-29T22:58:15.2951074+06:00</time>
</event>
<event>
  <type>Notification</type>
  <process_id>20112</process_id>
  <process>EXCEL20112</process>
  <message>Memory: 60715008; Processor time:781; Thread count: 19; Handle count: 602; </message>
  <time>2022-11-29T22:58:16.4767995+06:00</time>
</event>
<event>
  <type>Notification</type>
  <process_id>20112</process_id>
  <process>EXCEL20112</process>
  <message>Memory: 60715008; Processor time:781; Thread count: 19; Handle count: 602; </message>
  <time>2022-11-29T22:58:17.7238581+06:00</time>
</event>
<event>
  <type>Notification</type>
  <process_id>20112</process_id>
  <process>EXCEL20112</process>
  <message>Memory: 60715008; Processor time:781; Thread count: 19; Handle count: 602; </message>
  <time>2022-11-29T22:58:18.958513+06:00</time>
</event>
<event>
  <type>Notification</type>
  <process_id>20112</process_id>
  <process>EXCEL20112</process>
  <message>Memory: 60715008; Processor time:781; Thread count: 19; Handle count: 602; </message>
  <time>2022-11-29T22:58:20.1769957+06:00</time>
</event>
<event>
  <type>Notification</type>
  <process_id>20112</process_id>
  <process>EXCEL20112</process>
  <message>Memory: 60719104; Processor time:781; Thread count: 19; Handle count: 606; </message>
  <time>2022-11-29T22:58:21.4240569+06:00</time>
</event>
<event>
  <type>Notification</type>
  <process_id>20112</process_id>
  <process>EXCEL20112</process>
  <message>Memory: 60719104; Processor time:781; Thread count: 19; Handle count: 606; </message>
  <time>2022-11-29T22:58:22.6576781+06:00</time>
</event>
<event>
  <type>Notification</type>
  <process_id>20112</process_id>
  <process>EXCEL20112</process>
  <message>Memory: 60719104; Processor time:781; Thread count: 19; Handle count: 606; </message>
  <time>2022-11-29T22:58:24.0323956+06:00</time>
</event>
<event>
  <type>Notification</type>
  <process_id>20112</process_id>
  <process>EXCEL20112</process>
  <message>Memory: 60719104; Processor time:781; Thread count: 19; Handle count: 606; </message>
  <time>2022-11-29T22:58:25.2367732+06:00</time>
</event>
<event>
  <type>Notification</type>
  <process_id>20112</process_id>
  <process>EXCEL20112</process>
  <message>Memory: 60682240; Processor time:781; Thread count: 18; Handle count: 606; </message>
  <time>2022-11-29T22:58:26.4554091+06:00</time>
</event>
<event>
  <type>Notification</type>
  <process_id>20112</process_id>
  <process>EXCEL20112</process>
  <message>Memory: 60657664; Processor time:781; Thread count: 17; Handle count: 598; </message>
  <time>2022-11-29T22:58:27.7180602+06:00</time>
</event>
<event>
  <type>Notification</type>
  <process_id>20112</process_id>
  <process>EXCEL20112</process>
  <message>Memory: 60657664; Processor time:781; Thread count: 17; Handle count: 598; </message>
  <time>2022-11-29T22:58:28.9354956+06:00</time>
</event>
<event>
  <type>Notification</type>
  <process_id>20112</process_id>
  <process>EXCEL20112</process>
  <message>Memory: 60657664; Processor time:781; Thread count: 17; Handle count: 602; </message>
  <time>2022-11-29T22:58:30.2388726+06:00</time>
</event>
<event>
  <type>Notification</type>
  <process_id>20112</process_id>
  <process>EXCEL20112</process>
  <message>Memory: 60657664; Processor time:781; Thread count: 17; Handle count: 602; </message>
  <time>2022-11-29T22:58:31.4395063+06:00</time>
</event>
<event>
  <type>Notification</type>
  <process_id>20112</process_id>
  <process>EXCEL20112</process>
  <message>Memory: 60657664; Processor time:781; Thread count: 17; Handle count: 602; </message>
  <time>2022-11-29T22:58:32.6745453+06:00</time>
</event>
<event>
  <type>Notification</type>
  <process_id>20112</process_id>
  <process>EXCEL20112</process>
  <message>Memory: 60657664; Processor time:781; Thread count: 17; Handle count: 602; </message>
  <time>2022-11-29T22:58:33.9377573+06:00</time>
</event>
<event>
  <type>Notification</type>
  <process_id>20112</process_id>
  <process>EXCEL20112</process>
  <message>Memory: 60657664; Processor time:781; Thread count: 17; Handle count: 602; </message>
  <time>2022-11-29T22:58:35.1200684+06:00</time>
</event>
<event>
  <type>Notification</type>
  <process_id>20112</process_id>
  <process>EXCEL20112</process>
  <message>Memory: 60657664; Processor time:781; Thread count: 17; Handle count: 602; </message>
  <time>2022-11-29T22:58:36.3227238+06:00</time>
</event>
<event>
  <type>Notification</type>
  <process_id>20112</process_id>
  <process>EXCEL20112</process>
  <message>Memory: 60657664; Processor time:781; Thread count: 17; Handle count: 602; </message>
  <time>2022-11-29T22:58:37.6110016+06:00</time>
</event>
<event>
  <type>Notification</type>
  <process_id>20112</process_id>
  <process>EXCEL20112</process>
  <message>Memory: 60657664; Processor time:781; Thread count: 17; Handle count: 602; </message>
  <time>2022-11-29T22:58:38.8286949+06:00</time>
</event>
<event>
  <type>Notification</type>
  <process_id>20112</process_id>
  <process>EXCEL20112</process>
  <message>Memory: 60657664; Processor time:781; Thread count: 17; Handle count: 602; </message>
  <time>2022-11-29T22:58:40.0713871+06:00</time>
</event>
<event>
  <type>Notification</type>
  <process_id>20112</process_id>
  <process>EXCEL20112</process>
  <message>Memory: 60657664; Processor time:781; Thread count: 17; Handle count: 602; </message>
  <time>2022-11-29T22:58:41.31831+06:00</time>
</event>
<event>
  <type>Notification</type>
  <process_id>20112</process_id>
  <process>EXCEL20112</process>
  <message>Memory: 60657664; Processor time:781; Thread count: 17; Handle count: 602; </message>
  <time>2022-11-29T22:58:42.53359+06:00</time>
</event>
<event>
  <type>Notification</type>
  <process_id>20112</process_id>
  <process>EXCEL20112</process>
  <message>Memory: 60657664; Processor time:781; Thread count: 17; Handle count: 602; </message>
  <time>2022-11-29T22:58:43.7263155+06:00</time>
</event>
<event>
  <type>Notification</type>
  <process_id>20112</process_id>
  <process>EXCEL20112</process>
  <message>Memory: 60657664; Processor time:781; Thread count: 17; Handle count: 602; </message>
  <time>2022-11-29T22:58:44.9533035+06:00</time>
</event>
<event>
  <type>Notification</type>
  <process_id>20112</process_id>
  <process>EXCEL20112</process>
  <message>Memory: 60657664; Processor time:781; Thread count: 17; Handle count: 602; </message>
  <time>2022-11-29T22:58:46.1962576+06:00</time>
</event>
<event>
  <type>Notification</type>
  <process_id>20112</process_id>
  <process>EXCEL20112</process>
  <message>Memory: 60657664; Processor time:781; Thread count: 17; Handle count: 602; </message>
  <time>2022-11-29T22:58:47.4412338+06:00</time>
</event>
<event>
  <type>Notification</type>
  <process_id>20112</process_id>
  <process>EXCEL20112</process>
  <message>Memory: 60657664; Processor time:781; Thread count: 17; Handle count: 602; </message>
  <time>2022-11-29T22:58:48.6417126+06:00</time>
</event>
<event>
  <type>Notification</type>
  <process_id>20112</process_id>
  <process>EXCEL20112</process>
  <message>Memory: 60657664; Processor time:781; Thread count: 17; Handle count: 602; </message>
  <time>2022-11-29T22:58:49.9003752+06:00</time>
</event>
<event>
  <type>Notification</type>
  <process_id>20112</process_id>
  <process>EXCEL20112</process>
  <message>Memory: 60657664; Processor time:781; Thread count: 17; Handle count: 602; </message>
  <time>2022-11-29T22:58:51.1065986+06:00</time>
</event>
<event>
  <type>Notification</type>
  <process_id>20112</process_id>
  <process>EXCEL20112</process>
  <message>Memory: 60657664; Processor time:781; Thread count: 17; Handle count: 602; </message>
  <time>2022-11-29T22:58:52.3082217+06:00</time>
</event>
<event>
  <type>Notification</type>
  <process_id>20112</process_id>
  <process>EXCEL20112</process>
  <message>Memory: 60657664; Processor time:781; Thread count: 17; Handle count: 602; </message>
  <time>2022-11-29T22:58:53.528441+06:00</time>
</event>
<event>
  <type>Notification</type>
  <process_id>20112</process_id>
  <process>EXCEL20112</process>
  <message>Memory: 60657664; Processor time:781; Thread count: 17; Handle count: 602; </message>
  <time>2022-11-29T22:58:54.7190516+06:00</time>
</event>
<event>
  <type>Notification</type>
  <process_id>20112</process_id>
  <process>EXCEL20112</process>
  <message>Memory: 60641280; Processor time:781; Thread count: 16; Handle count: 596; </message>
  <time>2022-11-29T22:58:55.9919499+06:00</time>
</event>
<event>
  <type>Notification</type>
  <process_id>20112</process_id>
  <process>EXCEL20112</process>
  <message>Memory: 60641280; Processor time:781; Thread count: 16; Handle count: 596; </message>
  <time>2022-11-29T22:58:57.2764517+06:00</time>
</event>
<event>
  <type>Notification</type>
  <process_id>20112</process_id>
  <process>EXCEL20112</process>
  <message>Memory: 60641280; Processor time:781; Thread count: 16; Handle count: 596; </message>
  <time>2022-11-29T22:58:58.4941674+06:00</time>
</event>
<event>
  <type>Notification</type>
  <process_id>20112</process_id>
  <process>EXCEL20112</process>
  <message>Memory: 60641280; Processor time:781; Thread count: 16; Handle count: 598; </message>
  <time>2022-11-29T22:58:59.6730888+06:00</time>
</event>
<event>
  <type>Notification</type>
  <process_id>20112</process_id>
  <process>EXCEL20112</process>
  <message>Finished</message>
  <time>2022-11-29T22:59:00.6965037+06:00</time>
</event>
