<event>
  <type>Notification</type>
  <process_id>13980</process_id>
  <process>notepad13980</process>
  <message>Started</message>
  <time>2022-11-29T22:57:43.282891+06:00</time>
</event>
<event>
  <type>Notification</type>
  <process_id>13980</process_id>
  <process>notepad13980</process>
  <message>Memory: 14737408; Processor time:140; Thread count: 7; Handle count: 249; </message>
  <time>2022-11-29T22:57:44.3938863+06:00</time>
</event>
<event>
  <type>Notification</type>
  <process_id>13980</process_id>
  <process>notepad13980</process>
  <message>Memory: 14737408; Processor time:140; Thread count: 7; Handle count: 249; </message>
  <time>2022-11-29T22:57:45.5991866+06:00</time>
</event>
<event>
  <type>Notification</type>
  <process_id>13980</process_id>
  <process>notepad13980</process>
  <message>Memory: 14737408; Processor time:140; Thread count: 7; Handle count: 249; </message>
  <time>2022-11-29T22:57:46.8494054+06:00</time>
</event>
<event>
  <type>Notification</type>
  <process_id>13980</process_id>
  <process>notepad13980</process>
  <message>Memory: 14737408; Processor time:140; Thread count: 7; Handle count: 249; </message>
  <time>2022-11-29T22:57:48.0742447+06:00</time>
</event>
<event>
  <type>Notification</type>
  <process_id>13980</process_id>
  <process>notepad13980</process>
  <message>Memory: 14737408; Processor time:140; Thread count: 7; Handle count: 249; </message>
  <time>2022-11-29T22:57:49.3246882+06:00</time>
</event>
<event>
  <type>Notification</type>
  <process_id>13980</process_id>
  <process>notepad13980</process>
  <message>Memory: 14737408; Processor time:140; Thread count: 7; Handle count: 249; </message>
  <time>2022-11-29T22:57:50.5472376+06:00</time>
</event>
<event>
  <type>Notification</type>
  <process_id>13980</process_id>
  <process>notepad13980</process>
  <message>Memory: 14737408; Processor time:140; Thread count: 7; Handle count: 249; </message>
  <time>2022-11-29T22:57:51.7726378+06:00</time>
</event>
<event>
  <type>Notification</type>
  <process_id>13980</process_id>
  <process>notepad13980</process>
  <message>Memory: 14737408; Processor time:140; Thread count: 7; Handle count: 249; </message>
  <time>2022-11-29T22:57:53.0206145+06:00</time>
</event>
<event>
  <type>Notification</type>
  <process_id>13980</process_id>
  <process>notepad13980</process>
  <message>Memory: 14737408; Processor time:140; Thread count: 7; Handle count: 249; </message>
  <time>2022-11-29T22:57:54.1987233+06:00</time>
</event>
<event>
  <type>Notification</type>
  <process_id>13980</process_id>
  <process>notepad13980</process>
  <message>Memory: 14737408; Processor time:140; Thread count: 7; Handle count: 249; </message>
  <time>2022-11-29T22:57:55.4122587+06:00</time>
</event>
<event>
  <type>Notification</type>
  <process_id>13980</process_id>
  <process>notepad13980</process>
  <message>Memory: 14737408; Processor time:140; Thread count: 7; Handle count: 249; </message>
  <time>2022-11-29T22:57:56.6353337+06:00</time>
</event>
<event>
  <type>Notification</type>
  <process_id>13980</process_id>
  <process>notepad13980</process>
  <message>Memory: 14737408; Processor time:140; Thread count: 7; Handle count: 249; </message>
  <time>2022-11-29T22:57:57.8179011+06:00</time>
</event>
<event>
  <type>Notification</type>
  <process_id>13980</process_id>
  <process>notepad13980</process>
  <message>Memory: 14737408; Processor time:140; Thread count: 7; Handle count: 249; </message>
  <time>2022-11-29T22:57:59.0855202+06:00</time>
</event>
<event>
  <type>Notification</type>
  <process_id>13980</process_id>
  <process>notepad13980</process>
  <message>Memory: 14737408; Processor time:140; Thread count: 7; Handle count: 249; </message>
  <time>2022-11-29T22:58:00.3220932+06:00</time>
</event>
<event>
  <type>Notification</type>
  <process_id>13980</process_id>
  <process>notepad13980</process>
  <message>Memory: 14737408; Processor time:140; Thread count: 7; Handle count: 249; </message>
  <time>2022-11-29T22:58:01.6031424+06:00</time>
</event>
<event>
  <type>Notification</type>
  <process_id>13980</process_id>
  <process>notepad13980</process>
  <message>Memory: 14737408; Processor time:140; Thread count: 7; Handle count: 249; </message>
  <time>2022-11-29T22:58:02.8416395+06:00</time>
</event>
<event>
  <type>Notification</type>
  <process_id>13980</process_id>
  <process>notepad13980</process>
  <message>Memory: 14737408; Processor time:140; Thread count: 7; Handle count: 249; </message>
  <time>2022-11-29T22:58:04.1214445+06:00</time>
</event>
<event>
  <type>Notification</type>
  <process_id>13980</process_id>
  <process>notepad13980</process>
  <message>Memory: 14737408; Processor time:140; Thread count: 7; Handle count: 249; </message>
  <time>2022-11-29T22:58:05.3206828+06:00</time>
</event>
<event>
  <type>Notification</type>
  <process_id>13980</process_id>
  <process>notepad13980</process>
  <message>Memory: 14737408; Processor time:140; Thread count: 7; Handle count: 249; </message>
  <time>2022-11-29T22:58:06.5029953+06:00</time>
</event>
<event>
  <type>Notification</type>
  <process_id>13980</process_id>
  <process>notepad13980</process>
  <message>Memory: 14737408; Processor time:140; Thread count: 7; Handle count: 249; </message>
  <time>2022-11-29T22:58:07.7219929+06:00</time>
</event>
<event>
  <type>Notification</type>
  <process_id>13980</process_id>
  <process>notepad13980</process>
  <message>Memory: 14737408; Processor time:140; Thread count: 7; Handle count: 249; </message>
  <time>2022-11-29T22:58:08.9445517+06:00</time>
</event>
<event>
  <type>Notification</type>
  <process_id>13980</process_id>
  <process>notepad13980</process>
  <message>Memory: 14741504; Processor time:140; Thread count: 7; Handle count: 250; </message>
  <time>2022-11-29T22:58:10.149355+06:00</time>
</event>
<event>
  <type>Notification</type>
  <process_id>13980</process_id>
  <process>notepad13980</process>
  <message>Memory: 14741504; Processor time:140; Thread count: 7; Handle count: 250; </message>
  <time>2022-11-29T22:58:11.3222731+06:00</time>
</event>
<event>
  <type>Notification</type>
  <process_id>13980</process_id>
  <process>notepad13980</process>
  <message>Memory: 14741504; Processor time:140; Thread count: 7; Handle count: 250; </message>
  <time>2022-11-29T22:58:12.5616196+06:00</time>
</event>
<event>
  <type>Notification</type>
  <process_id>13980</process_id>
  <process>notepad13980</process>
  <message>Memory: 14741504; Processor time:140; Thread count: 7; Handle count: 250; </message>
  <time>2022-11-29T22:58:13.8270576+06:00</time>
</event>
<event>
  <type>Notification</type>
  <process_id>13980</process_id>
  <process>notepad13980</process>
  <message>Memory: 14741504; Processor time:140; Thread count: 7; Handle count: 250; </message>
  <time>2022-11-29T22:58:15.0273483+06:00</time>
</event>
<event>
  <type>Notification</type>
  <process_id>13980</process_id>
  <process>notepad13980</process>
  <message>Memory: 14741504; Processor time:140; Thread count: 7; Handle count: 250; </message>
  <time>2022-11-29T22:58:16.22961+06:00</time>
</event>
<event>
  <type>Notification</type>
  <process_id>13980</process_id>
  <process>notepad13980</process>
  <message>Memory: 14741504; Processor time:140; Thread count: 7; Handle count: 250; </message>
  <time>2022-11-29T22:58:17.471449+06:00</time>
</event>
<event>
  <type>Notification</type>
  <process_id>13980</process_id>
  <process>notepad13980</process>
  <message>Memory: 14741504; Processor time:140; Thread count: 7; Handle count: 250; </message>
  <time>2022-11-29T22:58:18.6875872+06:00</time>
</event>
<event>
  <type>Notification</type>
  <process_id>13980</process_id>
  <process>notepad13980</process>
  <message>Memory: 14741504; Processor time:140; Thread count: 7; Handle count: 250; </message>
  <time>2022-11-29T22:58:19.9326171+06:00</time>
</event>
<event>
  <type>Notification</type>
  <process_id>13980</process_id>
  <process>notepad13980</process>
  <message>Memory: 14741504; Processor time:140; Thread count: 7; Handle count: 250; </message>
  <time>2022-11-29T22:58:21.1542168+06:00</time>
</event>
<event>
  <type>Notification</type>
  <process_id>13980</process_id>
  <process>notepad13980</process>
  <message>Memory: 14741504; Processor time:140; Thread count: 7; Handle count: 250; </message>
  <time>2022-11-29T22:58:22.3436249+06:00</time>
</event>
<event>
  <type>Notification</type>
  <process_id>13980</process_id>
  <process>notepad13980</process>
  <message>Memory: 14741504; Processor time:140; Thread count: 7; Handle count: 250; </message>
  <time>2022-11-29T22:58:23.6838365+06:00</time>
</event>
<event>
  <type>Notification</type>
  <process_id>13980</process_id>
  <process>notepad13980</process>
  <message>Memory: 14741504; Processor time:140; Thread count: 7; Handle count: 250; </message>
  <time>2022-11-29T22:58:24.9411025+06:00</time>
</event>
<event>
  <type>Notification</type>
  <process_id>13980</process_id>
  <process>notepad13980</process>
  <message>Memory: 14741504; Processor time:140; Thread count: 7; Handle count: 250; </message>
  <time>2022-11-29T22:58:26.1834425+06:00</time>
</event>
<event>
  <type>Notification</type>
  <process_id>13980</process_id>
  <process>notepad13980</process>
  <message>Memory: 14741504; Processor time:140; Thread count: 7; Handle count: 250; </message>
  <time>2022-11-29T22:58:27.4496168+06:00</time>
</event>
<event>
  <type>Notification</type>
  <process_id>13980</process_id>
  <process>notepad13980</process>
  <message>Memory: 14741504; Processor time:140; Thread count: 7; Handle count: 250; </message>
  <time>2022-11-29T22:58:28.6816373+06:00</time>
</event>
<event>
  <type>Notification</type>
  <process_id>13980</process_id>
  <process>notepad13980</process>
  <message>Memory: 14741504; Processor time:140; Thread count: 7; Handle count: 250; </message>
  <time>2022-11-29T22:58:29.9859338+06:00</time>
</event>
<event>
  <type>Notification</type>
  <process_id>13980</process_id>
  <process>notepad13980</process>
  <message>Memory: 14741504; Processor time:140; Thread count: 7; Handle count: 250; </message>
  <time>2022-11-29T22:58:31.2100056+06:00</time>
</event>
<event>
  <type>Notification</type>
  <process_id>13980</process_id>
  <process>notepad13980</process>
  <message>Memory: 14741504; Processor time:140; Thread count: 7; Handle count: 250; </message>
  <time>2022-11-29T22:58:32.4455357+06:00</time>
</event>
<event>
  <type>Notification</type>
  <process_id>13980</process_id>
  <process>notepad13980</process>
  <message>Memory: 14741504; Processor time:140; Thread count: 7; Handle count: 250; </message>
  <time>2022-11-29T22:58:33.628799+06:00</time>
</event>
<event>
  <type>Notification</type>
  <process_id>13980</process_id>
  <process>notepad13980</process>
  <message>Memory: 14741504; Processor time:140; Thread count: 7; Handle count: 250; </message>
  <time>2022-11-29T22:58:34.8230385+06:00</time>
</event>
<event>
  <type>Notification</type>
  <process_id>13980</process_id>
  <process>notepad13980</process>
  <message>Memory: 14741504; Processor time:140; Thread count: 7; Handle count: 250; </message>
  <time>2022-11-29T22:58:36.0331171+06:00</time>
</event>
<event>
  <type>Notification</type>
  <process_id>13980</process_id>
  <process>notepad13980</process>
  <message>Memory: 14741504; Processor time:140; Thread count: 7; Handle count: 250; </message>
  <time>2022-11-29T22:58:37.311551+06:00</time>
</event>
<event>
  <type>Notification</type>
  <process_id>13980</process_id>
  <process>notepad13980</process>
  <message>Memory: 14741504; Processor time:140; Thread count: 7; Handle count: 250; </message>
  <time>2022-11-29T22:58:38.5526355+06:00</time>
</event>
<event>
  <type>Notification</type>
  <process_id>13980</process_id>
  <process>notepad13980</process>
  <message>Memory: 14688256; Processor time:140; Thread count: 4; Handle count: 250; </message>
  <time>2022-11-29T22:58:39.7722587+06:00</time>
</event>
<event>
  <type>Notification</type>
  <process_id>13980</process_id>
  <process>notepad13980</process>
  <message>Memory: 14688256; Processor time:140; Thread count: 4; Handle count: 250; </message>
  <time>2022-11-29T22:58:41.0220039+06:00</time>
</event>
<event>
  <type>Notification</type>
  <process_id>13980</process_id>
  <process>notepad13980</process>
  <message>Memory: 14688256; Processor time:140; Thread count: 4; Handle count: 250; </message>
  <time>2022-11-29T22:58:42.2471368+06:00</time>
</event>
<event>
  <type>Notification</type>
  <process_id>13980</process_id>
  <process>notepad13980</process>
  <message>Memory: 14688256; Processor time:140; Thread count: 4; Handle count: 250; </message>
  <time>2022-11-29T22:58:43.4365326+06:00</time>
</event>
<event>
  <type>Notification</type>
  <process_id>13980</process_id>
  <process>notepad13980</process>
  <message>Memory: 14688256; Processor time:140; Thread count: 4; Handle count: 250; </message>
  <time>2022-11-29T22:58:44.6280261+06:00</time>
</event>
<event>
  <type>Notification</type>
  <process_id>13980</process_id>
  <process>notepad13980</process>
  <message>Memory: 14688256; Processor time:140; Thread count: 4; Handle count: 250; </message>
  <time>2022-11-29T22:58:45.8346302+06:00</time>
</event>
<event>
  <type>Notification</type>
  <process_id>13980</process_id>
  <process>notepad13980</process>
  <message>Memory: 14688256; Processor time:140; Thread count: 4; Handle count: 250; </message>
  <time>2022-11-29T22:58:47.0447478+06:00</time>
</event>
<event>
  <type>Notification</type>
  <process_id>13980</process_id>
  <process>notepad13980</process>
  <message>Memory: 14688256; Processor time:140; Thread count: 4; Handle count: 250; </message>
  <time>2022-11-29T22:58:48.2703493+06:00</time>
</event>
<event>
  <type>Notification</type>
  <process_id>13980</process_id>
  <process>notepad13980</process>
  <message>Memory: 14688256; Processor time:140; Thread count: 4; Handle count: 250; </message>
  <time>2022-11-29T22:58:49.4994242+06:00</time>
</event>
<event>
  <type>Notification</type>
  <process_id>13980</process_id>
  <process>notepad13980</process>
  <message>Memory: 14688256; Processor time:140; Thread count: 4; Handle count: 250; </message>
  <time>2022-11-29T22:58:50.7191504+06:00</time>
</event>
<event>
  <type>Notification</type>
  <process_id>13980</process_id>
  <process>notepad13980</process>
  <message>Memory: 14688256; Processor time:140; Thread count: 4; Handle count: 250; </message>
  <time>2022-11-29T22:58:51.9090252+06:00</time>
</event>
<event>
  <type>Notification</type>
  <process_id>13980</process_id>
  <process>notepad13980</process>
  <message>Memory: 14688256; Processor time:140; Thread count: 4; Handle count: 250; </message>
  <time>2022-11-29T22:58:53.0847886+06:00</time>
</event>
<event>
  <type>Notification</type>
  <process_id>13980</process_id>
  <process>notepad13980</process>
  <message>Memory: 14688256; Processor time:140; Thread count: 4; Handle count: 250; </message>
  <time>2022-11-29T22:58:54.2795189+06:00</time>
</event>
<event>
  <type>Notification</type>
  <process_id>13980</process_id>
  <process>notepad13980</process>
  <message>Memory: 14688256; Processor time:140; Thread count: 4; Handle count: 250; </message>
  <time>2022-11-29T22:58:55.4982696+06:00</time>
</event>
<event>
  <type>Notification</type>
  <process_id>13980</process_id>
  <process>notepad13980</process>
  <message>Memory: 14688256; Processor time:140; Thread count: 4; Handle count: 250; </message>
  <time>2022-11-29T22:58:56.7668909+06:00</time>
</event>
<event>
  <type>Notification</type>
  <process_id>13980</process_id>
  <process>notepad13980</process>
  <message>Memory: 14688256; Processor time:140; Thread count: 4; Handle count: 250; </message>
  <time>2022-11-29T22:58:58.0143369+06:00</time>
</event>
<event>
  <type>Notification</type>
  <process_id>13980</process_id>
  <process>notepad13980</process>
  <message>Memory: 14688256; Processor time:140; Thread count: 4; Handle count: 250; </message>
  <time>2022-11-29T22:58:59.2223198+06:00</time>
</event>
<event>
  <type>Notification</type>
  <process_id>13980</process_id>
  <process>notepad13980</process>
  <message>Finished</message>
  <time>2022-11-29T22:58:59.5872718+06:00</time>
</event>
