<event>
  <type>Notification</type>
  <process_id>19348</process_id>
  <process>notepad19348</process>
  <message>Started</message>
  <time>2022-11-29T22:57:40.3315425+06:00</time>
</event>
<event>
  <type>Notification</type>
  <process_id>19348</process_id>
  <process>notepad19348</process>
  <message>Memory: 14749696; Processor time:109; Thread count: 7; Handle count: 249; </message>
  <time>2022-11-29T22:57:41.4162081+06:00</time>
</event>
<event>
  <type>Notification</type>
  <process_id>19348</process_id>
  <process>notepad19348</process>
  <message>Memory: 14749696; Processor time:109; Thread count: 7; Handle count: 249; </message>
  <time>2022-11-29T22:57:43.0562972+06:00</time>
</event>
<event>
  <type>Notification</type>
  <process_id>19348</process_id>
  <process>notepad19348</process>
  <message>Memory: 14749696; Processor time:109; Thread count: 7; Handle count: 249; </message>
  <time>2022-11-29T22:57:44.2531376+06:00</time>
</event>
<event>
  <type>Notification</type>
  <process_id>19348</process_id>
  <process>notepad19348</process>
  <message>Memory: 14749696; Processor time:109; Thread count: 7; Handle count: 249; </message>
  <time>2022-11-29T22:57:45.4741969+06:00</time>
</event>
<event>
  <type>Notification</type>
  <process_id>19348</process_id>
  <process>notepad19348</process>
  <message>Memory: 14749696; Processor time:109; Thread count: 7; Handle count: 249; </message>
  <time>2022-11-29T22:57:46.749892+06:00</time>
</event>
<event>
  <type>Notification</type>
  <process_id>19348</process_id>
  <process>notepad19348</process>
  <message>Memory: 14749696; Processor time:109; Thread count: 7; Handle count: 249; </message>
  <time>2022-11-29T22:57:48.0889493+06:00</time>
</event>
<event>
  <type>Notification</type>
  <process_id>19348</process_id>
  <process>notepad19348</process>
  <message>Memory: 14749696; Processor time:109; Thread count: 7; Handle count: 249; </message>
  <time>2022-11-29T22:57:49.3622769+06:00</time>
</event>
<event>
  <type>Notification</type>
  <process_id>19348</process_id>
  <process>notepad19348</process>
  <message>Memory: 14749696; Processor time:109; Thread count: 7; Handle count: 249; </message>
  <time>2022-11-29T22:57:50.579849+06:00</time>
</event>
<event>
  <type>Notification</type>
  <process_id>19348</process_id>
  <process>notepad19348</process>
  <message>Memory: 14749696; Processor time:109; Thread count: 7; Handle count: 249; </message>
  <time>2022-11-29T22:57:51.7888823+06:00</time>
</event>
<event>
  <type>Notification</type>
  <process_id>19348</process_id>
  <process>notepad19348</process>
  <message>Memory: 14749696; Processor time:109; Thread count: 7; Handle count: 249; </message>
  <time>2022-11-29T22:57:52.9966692+06:00</time>
</event>
<event>
  <type>Notification</type>
  <process_id>19348</process_id>
  <process>notepad19348</process>
  <message>Memory: 14749696; Processor time:109; Thread count: 7; Handle count: 249; </message>
  <time>2022-11-29T22:57:54.2053471+06:00</time>
</event>
<event>
  <type>Notification</type>
  <process_id>19348</process_id>
  <process>notepad19348</process>
  <message>Memory: 14749696; Processor time:109; Thread count: 7; Handle count: 249; </message>
  <time>2022-11-29T22:57:55.4545517+06:00</time>
</event>
<event>
  <type>Notification</type>
  <process_id>19348</process_id>
  <process>notepad19348</process>
  <message>Memory: 14749696; Processor time:109; Thread count: 7; Handle count: 249; </message>
  <time>2022-11-29T22:57:56.6744742+06:00</time>
</event>
<event>
  <type>Notification</type>
  <process_id>19348</process_id>
  <process>notepad19348</process>
  <message>Memory: 14749696; Processor time:109; Thread count: 7; Handle count: 249; </message>
  <time>2022-11-29T22:57:57.910889+06:00</time>
</event>
<event>
  <type>Notification</type>
  <process_id>19348</process_id>
  <process>notepad19348</process>
  <message>Memory: 14749696; Processor time:109; Thread count: 7; Handle count: 249; </message>
  <time>2022-11-29T22:57:59.1820123+06:00</time>
</event>
<event>
  <type>Notification</type>
  <process_id>19348</process_id>
  <process>notepad19348</process>
  <message>Memory: 14749696; Processor time:109; Thread count: 7; Handle count: 249; </message>
  <time>2022-11-29T22:58:00.4115739+06:00</time>
</event>
<event>
  <type>Notification</type>
  <process_id>19348</process_id>
  <process>notepad19348</process>
  <message>Memory: 14749696; Processor time:109; Thread count: 7; Handle count: 249; </message>
  <time>2022-11-29T22:58:01.6429025+06:00</time>
</event>
<event>
  <type>Notification</type>
  <process_id>19348</process_id>
  <process>notepad19348</process>
  <message>Memory: 14749696; Processor time:109; Thread count: 7; Handle count: 249; </message>
  <time>2022-11-29T22:58:02.9215647+06:00</time>
</event>
<event>
  <type>Notification</type>
  <process_id>19348</process_id>
  <process>notepad19348</process>
  <message>Memory: 14749696; Processor time:109; Thread count: 7; Handle count: 249; </message>
  <time>2022-11-29T22:58:04.1209858+06:00</time>
</event>
<event>
  <type>Notification</type>
  <process_id>19348</process_id>
  <process>notepad19348</process>
  <message>Memory: 14753792; Processor time:109; Thread count: 7; Handle count: 250; </message>
  <time>2022-11-29T22:58:05.3330839+06:00</time>
</event>
<event>
  <type>Notification</type>
  <process_id>19348</process_id>
  <process>notepad19348</process>
  <message>Memory: 14753792; Processor time:109; Thread count: 7; Handle count: 250; </message>
  <time>2022-11-29T22:58:06.5522219+06:00</time>
</event>
<event>
  <type>Notification</type>
  <process_id>19348</process_id>
  <process>notepad19348</process>
  <message>Memory: 14753792; Processor time:109; Thread count: 7; Handle count: 250; </message>
  <time>2022-11-29T22:58:07.7957655+06:00</time>
</event>
<event>
  <type>Notification</type>
  <process_id>19348</process_id>
  <process>notepad19348</process>
  <message>Memory: 14753792; Processor time:109; Thread count: 7; Handle count: 250; </message>
  <time>2022-11-29T22:58:09.0544861+06:00</time>
</event>
<event>
  <type>Notification</type>
  <process_id>19348</process_id>
  <process>notepad19348</process>
  <message>Memory: 14753792; Processor time:109; Thread count: 7; Handle count: 250; </message>
  <time>2022-11-29T22:58:10.2464934+06:00</time>
</event>
<event>
  <type>Notification</type>
  <process_id>19348</process_id>
  <process>notepad19348</process>
  <message>Memory: 14753792; Processor time:109; Thread count: 7; Handle count: 250; </message>
  <time>2022-11-29T22:58:11.4478367+06:00</time>
</event>
<event>
  <type>Notification</type>
  <process_id>19348</process_id>
  <process>notepad19348</process>
  <message>Memory: 14753792; Processor time:109; Thread count: 7; Handle count: 250; </message>
  <time>2022-11-29T22:58:12.7077649+06:00</time>
</event>
<event>
  <type>Notification</type>
  <process_id>19348</process_id>
  <process>notepad19348</process>
  <message>Memory: 14753792; Processor time:109; Thread count: 7; Handle count: 250; </message>
  <time>2022-11-29T22:58:13.95053+06:00</time>
</event>
<event>
  <type>Notification</type>
  <process_id>19348</process_id>
  <process>notepad19348</process>
  <message>Memory: 14753792; Processor time:109; Thread count: 7; Handle count: 250; </message>
  <time>2022-11-29T22:58:15.1689172+06:00</time>
</event>
<event>
  <type>Notification</type>
  <process_id>19348</process_id>
  <process>notepad19348</process>
  <message>Memory: 14753792; Processor time:109; Thread count: 7; Handle count: 250; </message>
  <time>2022-11-29T22:58:16.4167386+06:00</time>
</event>
<event>
  <type>Notification</type>
  <process_id>19348</process_id>
  <process>notepad19348</process>
  <message>Memory: 14753792; Processor time:109; Thread count: 7; Handle count: 250; </message>
  <time>2022-11-29T22:58:17.6268524+06:00</time>
</event>
<event>
  <type>Notification</type>
  <process_id>19348</process_id>
  <process>notepad19348</process>
  <message>Memory: 14753792; Processor time:109; Thread count: 7; Handle count: 250; </message>
  <time>2022-11-29T22:58:18.8838651+06:00</time>
</event>
<event>
  <type>Notification</type>
  <process_id>19348</process_id>
  <process>notepad19348</process>
  <message>Memory: 14753792; Processor time:109; Thread count: 7; Handle count: 250; </message>
  <time>2022-11-29T22:58:20.0987882+06:00</time>
</event>
<event>
  <type>Notification</type>
  <process_id>19348</process_id>
  <process>notepad19348</process>
  <message>Memory: 14753792; Processor time:109; Thread count: 7; Handle count: 250; </message>
  <time>2022-11-29T22:58:21.297335+06:00</time>
</event>
<event>
  <type>Notification</type>
  <process_id>19348</process_id>
  <process>notepad19348</process>
  <message>Memory: 14753792; Processor time:109; Thread count: 7; Handle count: 250; </message>
  <time>2022-11-29T22:58:22.5296134+06:00</time>
</event>
<event>
  <type>Notification</type>
  <process_id>19348</process_id>
  <process>notepad19348</process>
  <message>Memory: 14753792; Processor time:109; Thread count: 7; Handle count: 250; </message>
  <time>2022-11-29T22:58:23.9359373+06:00</time>
</event>
<event>
  <type>Notification</type>
  <process_id>19348</process_id>
  <process>notepad19348</process>
  <message>Memory: 14753792; Processor time:109; Thread count: 7; Handle count: 250; </message>
  <time>2022-11-29T22:58:25.1482912+06:00</time>
</event>
<event>
  <type>Notification</type>
  <process_id>19348</process_id>
  <process>notepad19348</process>
  <message>Memory: 14753792; Processor time:109; Thread count: 7; Handle count: 250; </message>
  <time>2022-11-29T22:58:26.3568876+06:00</time>
</event>
<event>
  <type>Notification</type>
  <process_id>19348</process_id>
  <process>notepad19348</process>
  <message>Memory: 14753792; Processor time:109; Thread count: 7; Handle count: 250; </message>
  <time>2022-11-29T22:58:27.6097338+06:00</time>
</event>
<event>
  <type>Notification</type>
  <process_id>19348</process_id>
  <process>notepad19348</process>
  <message>Memory: 14753792; Processor time:109; Thread count: 7; Handle count: 250; </message>
  <time>2022-11-29T22:58:28.8347116+06:00</time>
</event>
<event>
  <type>Notification</type>
  <process_id>19348</process_id>
  <process>notepad19348</process>
  <message>Memory: 14753792; Processor time:109; Thread count: 7; Handle count: 250; </message>
  <time>2022-11-29T22:58:30.1015195+06:00</time>
</event>
<event>
  <type>Notification</type>
  <process_id>19348</process_id>
  <process>notepad19348</process>
  <message>Memory: 14753792; Processor time:109; Thread count: 7; Handle count: 250; </message>
  <time>2022-11-29T22:58:31.302613+06:00</time>
</event>
<event>
  <type>Notification</type>
  <process_id>19348</process_id>
  <process>notepad19348</process>
  <message>Memory: 14753792; Processor time:109; Thread count: 7; Handle count: 250; </message>
  <time>2022-11-29T22:58:32.5628518+06:00</time>
</event>
<event>
  <type>Notification</type>
  <process_id>19348</process_id>
  <process>notepad19348</process>
  <message>Memory: 14753792; Processor time:109; Thread count: 7; Handle count: 250; </message>
  <time>2022-11-29T22:58:33.7512955+06:00</time>
</event>
<event>
  <type>Notification</type>
  <process_id>19348</process_id>
  <process>notepad19348</process>
  <message>Memory: 14753792; Processor time:109; Thread count: 7; Handle count: 250; </message>
  <time>2022-11-29T22:58:35.0032597+06:00</time>
</event>
<event>
  <type>Notification</type>
  <process_id>19348</process_id>
  <process>notepad19348</process>
  <message>Memory: 14704640; Processor time:109; Thread count: 4; Handle count: 250; </message>
  <time>2022-11-29T22:58:36.2060525+06:00</time>
</event>
<event>
  <type>Notification</type>
  <process_id>19348</process_id>
  <process>notepad19348</process>
  <message>Memory: 14704640; Processor time:109; Thread count: 4; Handle count: 250; </message>
  <time>2022-11-29T22:58:37.5415145+06:00</time>
</event>
<event>
  <type>Notification</type>
  <process_id>19348</process_id>
  <process>notepad19348</process>
  <message>Memory: 14704640; Processor time:109; Thread count: 4; Handle count: 250; </message>
  <time>2022-11-29T22:58:38.7367007+06:00</time>
</event>
<event>
  <type>Notification</type>
  <process_id>19348</process_id>
  <process>notepad19348</process>
  <message>Memory: 14704640; Processor time:109; Thread count: 4; Handle count: 250; </message>
  <time>2022-11-29T22:58:39.9408364+06:00</time>
</event>
<event>
  <type>Notification</type>
  <process_id>19348</process_id>
  <process>notepad19348</process>
  <message>Memory: 14704640; Processor time:109; Thread count: 4; Handle count: 250; </message>
  <time>2022-11-29T22:58:41.1995725+06:00</time>
</event>
<event>
  <type>Notification</type>
  <process_id>19348</process_id>
  <process>notepad19348</process>
  <message>Memory: 14704640; Processor time:109; Thread count: 4; Handle count: 250; </message>
  <time>2022-11-29T22:58:42.3993761+06:00</time>
</event>
<event>
  <type>Notification</type>
  <process_id>19348</process_id>
  <process>notepad19348</process>
  <message>Memory: 14704640; Processor time:109; Thread count: 4; Handle count: 250; </message>
  <time>2022-11-29T22:58:43.5916268+06:00</time>
</event>
<event>
  <type>Notification</type>
  <process_id>19348</process_id>
  <process>notepad19348</process>
  <message>Memory: 14704640; Processor time:109; Thread count: 4; Handle count: 250; </message>
  <time>2022-11-29T22:58:44.7874167+06:00</time>
</event>
<event>
  <type>Notification</type>
  <process_id>19348</process_id>
  <process>notepad19348</process>
  <message>Memory: 14704640; Processor time:109; Thread count: 4; Handle count: 250; </message>
  <time>2022-11-29T22:58:46.0210168+06:00</time>
</event>
<event>
  <type>Notification</type>
  <process_id>19348</process_id>
  <process>notepad19348</process>
  <message>Memory: 14704640; Processor time:109; Thread count: 4; Handle count: 250; </message>
  <time>2022-11-29T22:58:47.2023314+06:00</time>
</event>
<event>
  <type>Notification</type>
  <process_id>19348</process_id>
  <process>notepad19348</process>
  <message>Memory: 14704640; Processor time:109; Thread count: 4; Handle count: 250; </message>
  <time>2022-11-29T22:58:48.4189639+06:00</time>
</event>
<event>
  <type>Notification</type>
  <process_id>19348</process_id>
  <process>notepad19348</process>
  <message>Memory: 14704640; Processor time:109; Thread count: 4; Handle count: 250; </message>
  <time>2022-11-29T22:58:49.6480842+06:00</time>
</event>
<event>
  <type>Notification</type>
  <process_id>19348</process_id>
  <process>notepad19348</process>
  <message>Memory: 14704640; Processor time:109; Thread count: 4; Handle count: 250; </message>
  <time>2022-11-29T22:58:50.8495535+06:00</time>
</event>
<event>
  <type>Notification</type>
  <process_id>19348</process_id>
  <process>notepad19348</process>
  <message>Memory: 14704640; Processor time:109; Thread count: 4; Handle count: 250; </message>
  <time>2022-11-29T22:58:52.0529631+06:00</time>
</event>
<event>
  <type>Notification</type>
  <process_id>19348</process_id>
  <process>notepad19348</process>
  <message>Memory: 14704640; Processor time:109; Thread count: 4; Handle count: 250; </message>
  <time>2022-11-29T22:58:53.235694+06:00</time>
</event>
<event>
  <type>Notification</type>
  <process_id>19348</process_id>
  <process>notepad19348</process>
  <message>Memory: 14704640; Processor time:109; Thread count: 4; Handle count: 250; </message>
  <time>2022-11-29T22:58:54.4517619+06:00</time>
</event>
<event>
  <type>Notification</type>
  <process_id>19348</process_id>
  <process>notepad19348</process>
  <message>Memory: 14704640; Processor time:109; Thread count: 4; Handle count: 250; </message>
  <time>2022-11-29T22:58:55.6482136+06:00</time>
</event>
<event>
  <type>Notification</type>
  <process_id>19348</process_id>
  <process>notepad19348</process>
  <message>Memory: 14704640; Processor time:109; Thread count: 4; Handle count: 250; </message>
  <time>2022-11-29T22:58:56.9565279+06:00</time>
</event>
<event>
  <type>Notification</type>
  <process_id>19348</process_id>
  <process>notepad19348</process>
  <message>Memory: 14704640; Processor time:109; Thread count: 4; Handle count: 250; </message>
  <time>2022-11-29T22:58:58.2076219+06:00</time>
</event>
<event>
  <type>Notification</type>
  <process_id>19348</process_id>
  <process>notepad19348</process>
  <message>Memory: 14704640; Processor time:109; Thread count: 4; Handle count: 250; </message>
  <time>2022-11-29T22:58:59.4058866+06:00</time>
</event>
<event>
  <type>Notification</type>
  <process_id>19348</process_id>
  <process>notepad19348</process>
  <message>Finished</message>
  <time>2022-11-29T22:59:00.697852+06:00</time>
</event>
