<event>
  <type>Notification</type>
  <process_id>4676</process_id>
  <process>notepad4676</process>
  <message>Started</message>
  <time>2022-11-29T22:58:39.1870586+06:00</time>
</event>
<event>
  <type>Notification</type>
  <process_id>4676</process_id>
  <process>notepad4676</process>
  <message>Memory: 14741504; Processor time:156; Thread count: 7; Handle count: 249; </message>
  <time>2022-11-29T22:58:40.3367837+06:00</time>
</event>
<event>
  <type>Notification</type>
  <process_id>4676</process_id>
  <process>notepad4676</process>
  <message>Memory: 14741504; Processor time:156; Thread count: 7; Handle count: 249; </message>
  <time>2022-11-29T22:58:41.5361296+06:00</time>
</event>
<event>
  <type>Notification</type>
  <process_id>4676</process_id>
  <process>notepad4676</process>
  <message>Memory: 14741504; Processor time:156; Thread count: 7; Handle count: 249; </message>
  <time>2022-11-29T22:58:42.7341236+06:00</time>
</event>
<event>
  <type>Notification</type>
  <process_id>4676</process_id>
  <process>notepad4676</process>
  <message>Memory: 14741504; Processor time:156; Thread count: 7; Handle count: 249; </message>
  <time>2022-11-29T22:58:43.9421178+06:00</time>
</event>
<event>
  <type>Notification</type>
  <process_id>4676</process_id>
  <process>notepad4676</process>
  <message>Memory: 14741504; Processor time:156; Thread count: 7; Handle count: 249; </message>
  <time>2022-11-29T22:58:45.1599941+06:00</time>
</event>
<event>
  <type>Notification</type>
  <process_id>4676</process_id>
  <process>notepad4676</process>
  <message>Memory: 14741504; Processor time:156; Thread count: 7; Handle count: 249; </message>
  <time>2022-11-29T22:58:46.3855169+06:00</time>
</event>
<event>
  <type>Notification</type>
  <process_id>4676</process_id>
  <process>notepad4676</process>
  <message>Memory: 14741504; Processor time:156; Thread count: 7; Handle count: 249; </message>
  <time>2022-11-29T22:58:47.5641049+06:00</time>
</event>
<event>
  <type>Notification</type>
  <process_id>4676</process_id>
  <process>notepad4676</process>
  <message>Memory: 14741504; Processor time:156; Thread count: 7; Handle count: 249; </message>
  <time>2022-11-29T22:58:48.8106495+06:00</time>
</event>
<event>
  <type>Notification</type>
  <process_id>4676</process_id>
  <process>notepad4676</process>
  <message>Memory: 14745600; Processor time:171; Thread count: 7; Handle count: 249; </message>
  <time>2022-11-29T22:58:50.0312571+06:00</time>
</event>
<event>
  <type>Notification</type>
  <process_id>4676</process_id>
  <process>notepad4676</process>
  <message>Memory: 14745600; Processor time:171; Thread count: 7; Handle count: 249; </message>
  <time>2022-11-29T22:58:51.240108+06:00</time>
</event>
<event>
  <type>Notification</type>
  <process_id>4676</process_id>
  <process>notepad4676</process>
  <message>Memory: 14745600; Processor time:171; Thread count: 7; Handle count: 249; </message>
  <time>2022-11-29T22:58:52.4544279+06:00</time>
</event>
<event>
  <type>Notification</type>
  <process_id>4676</process_id>
  <process>notepad4676</process>
  <message>Memory: 14745600; Processor time:171; Thread count: 7; Handle count: 249; </message>
  <time>2022-11-29T22:58:53.6656925+06:00</time>
</event>
<event>
  <type>Notification</type>
  <process_id>4676</process_id>
  <process>notepad4676</process>
  <message>Memory: 14745600; Processor time:171; Thread count: 7; Handle count: 249; </message>
  <time>2022-11-29T22:58:54.8537963+06:00</time>
</event>
<event>
  <type>Notification</type>
  <process_id>4676</process_id>
  <process>notepad4676</process>
  <message>Memory: 14745600; Processor time:171; Thread count: 7; Handle count: 249; </message>
  <time>2022-11-29T22:58:56.1272404+06:00</time>
</event>
<event>
  <type>Notification</type>
  <process_id>4676</process_id>
  <process>notepad4676</process>
  <message>Memory: 14745600; Processor time:171; Thread count: 7; Handle count: 249; </message>
  <time>2022-11-29T22:58:57.3821048+06:00</time>
</event>
<event>
  <type>Notification</type>
  <process_id>4676</process_id>
  <process>notepad4676</process>
  <message>Memory: 14745600; Processor time:171; Thread count: 7; Handle count: 249; </message>
  <time>2022-11-29T22:58:58.5997941+06:00</time>
</event>
<event>
  <type>Notification</type>
  <process_id>4676</process_id>
  <process>notepad4676</process>
  <message>Memory: 14745600; Processor time:171; Thread count: 7; Handle count: 249; </message>
  <time>2022-11-29T22:58:59.7954014+06:00</time>
</event>
<event>
  <type>Notification</type>
  <process_id>4676</process_id>
  <process>notepad4676</process>
  <message>Finished</message>
  <time>2022-11-29T22:59:00.6979493+06:00</time>
</event>
