<event>
  <type>Notification</type>
  <process_id>16896</process_id>
  <process>notepad16896</process>
  <message>Started</message>
  <time>2022-11-29T22:58:14.5906865+06:00</time>
</event>
<event>
  <type>Notification</type>
  <process_id>16896</process_id>
  <process>notepad16896</process>
  <message>Memory: 14667776; Processor time:187; Thread count: 7; Handle count: 249; </message>
  <time>2022-11-29T22:58:15.7280167+06:00</time>
</event>
<event>
  <type>Notification</type>
  <process_id>16896</process_id>
  <process>notepad16896</process>
  <message>Memory: 14807040; Processor time:375; Thread count: 7; Handle count: 249; </message>
  <time>2022-11-29T22:58:17.0136124+06:00</time>
</event>
<event>
  <type>Notification</type>
  <process_id>16896</process_id>
  <process>notepad16896</process>
  <message>Memory: 14831616; Processor time:390; Thread count: 7; Handle count: 249; </message>
  <time>2022-11-29T22:58:18.2204378+06:00</time>
</event>
<event>
  <type>Notification</type>
  <process_id>16896</process_id>
  <process>notepad16896</process>
  <message>Memory: 14831616; Processor time:390; Thread count: 7; Handle count: 249; </message>
  <time>2022-11-29T22:58:19.48817+06:00</time>
</event>
<event>
  <type>Notification</type>
  <process_id>16896</process_id>
  <process>notepad16896</process>
  <message>Memory: 14839808; Processor time:390; Thread count: 7; Handle count: 249; </message>
  <time>2022-11-29T22:58:20.6928917+06:00</time>
</event>
<event>
  <type>Notification</type>
  <process_id>16896</process_id>
  <process>notepad16896</process>
  <message>Memory: 14839808; Processor time:390; Thread count: 7; Handle count: 249; </message>
  <time>2022-11-29T22:58:21.9742295+06:00</time>
</event>
<event>
  <type>Notification</type>
  <process_id>16896</process_id>
  <process>notepad16896</process>
  <message>Memory: 14839808; Processor time:390; Thread count: 7; Handle count: 249; </message>
  <time>2022-11-29T22:58:23.2131104+06:00</time>
</event>
<event>
  <type>Notification</type>
  <process_id>16896</process_id>
  <process>notepad16896</process>
  <message>Memory: 14839808; Processor time:390; Thread count: 7; Handle count: 249; </message>
  <time>2022-11-29T22:58:24.5611445+06:00</time>
</event>
<event>
  <type>Notification</type>
  <process_id>16896</process_id>
  <process>notepad16896</process>
  <message>Memory: 14839808; Processor time:390; Thread count: 7; Handle count: 249; </message>
  <time>2022-11-29T22:58:25.7384594+06:00</time>
</event>
<event>
  <type>Notification</type>
  <process_id>16896</process_id>
  <process>notepad16896</process>
  <message>Memory: 14839808; Processor time:390; Thread count: 7; Handle count: 249; </message>
  <time>2022-11-29T22:58:26.9787126+06:00</time>
</event>
<event>
  <type>Notification</type>
  <process_id>16896</process_id>
  <process>notepad16896</process>
  <message>Memory: 14839808; Processor time:390; Thread count: 7; Handle count: 249; </message>
  <time>2022-11-29T22:58:28.1620862+06:00</time>
</event>
<event>
  <type>Notification</type>
  <process_id>16896</process_id>
  <process>notepad16896</process>
  <message>Memory: 14839808; Processor time:390; Thread count: 7; Handle count: 249; </message>
  <time>2022-11-29T22:58:29.391982+06:00</time>
</event>
<event>
  <type>Notification</type>
  <process_id>16896</process_id>
  <process>notepad16896</process>
  <message>Memory: 14839808; Processor time:390; Thread count: 7; Handle count: 249; </message>
  <time>2022-11-29T22:58:30.631453+06:00</time>
</event>
<event>
  <type>Notification</type>
  <process_id>16896</process_id>
  <process>notepad16896</process>
  <message>Memory: 14839808; Processor time:390; Thread count: 7; Handle count: 249; </message>
  <time>2022-11-29T22:58:31.8235713+06:00</time>
</event>
<event>
  <type>Notification</type>
  <process_id>16896</process_id>
  <process>notepad16896</process>
  <message>Memory: 14839808; Processor time:390; Thread count: 7; Handle count: 249; </message>
  <time>2022-11-29T22:58:33.0224189+06:00</time>
</event>
<event>
  <type>Notification</type>
  <process_id>16896</process_id>
  <process>notepad16896</process>
  <message>Memory: 14839808; Processor time:390; Thread count: 7; Handle count: 249; </message>
  <time>2022-11-29T22:58:34.2335479+06:00</time>
</event>
<event>
  <type>Notification</type>
  <process_id>16896</process_id>
  <process>notepad16896</process>
  <message>Memory: 14839808; Processor time:390; Thread count: 7; Handle count: 249; </message>
  <time>2022-11-29T22:58:35.4504822+06:00</time>
</event>
<event>
  <type>Notification</type>
  <process_id>16896</process_id>
  <process>notepad16896</process>
  <message>Memory: 14839808; Processor time:390; Thread count: 7; Handle count: 249; </message>
  <time>2022-11-29T22:58:36.7019388+06:00</time>
</event>
<event>
  <type>Notification</type>
  <process_id>16896</process_id>
  <process>notepad16896</process>
  <message>Memory: 14839808; Processor time:390; Thread count: 7; Handle count: 249; </message>
  <time>2022-11-29T22:58:37.987887+06:00</time>
</event>
<event>
  <type>Notification</type>
  <process_id>16896</process_id>
  <process>notepad16896</process>
  <message>Memory: 14839808; Processor time:390; Thread count: 7; Handle count: 249; </message>
  <time>2022-11-29T22:58:39.2362792+06:00</time>
</event>
<event>
  <type>Notification</type>
  <process_id>16896</process_id>
  <process>notepad16896</process>
  <message>Memory: 14839808; Processor time:390; Thread count: 7; Handle count: 249; </message>
  <time>2022-11-29T22:58:40.5215851+06:00</time>
</event>
<event>
  <type>Notification</type>
  <process_id>16896</process_id>
  <process>notepad16896</process>
  <message>Memory: 14839808; Processor time:390; Thread count: 7; Handle count: 249; </message>
  <time>2022-11-29T22:58:41.7003447+06:00</time>
</event>
<event>
  <type>Notification</type>
  <process_id>16896</process_id>
  <process>notepad16896</process>
  <message>Memory: 14839808; Processor time:390; Thread count: 7; Handle count: 249; </message>
  <time>2022-11-29T22:58:42.9075941+06:00</time>
</event>
<event>
  <type>Notification</type>
  <process_id>16896</process_id>
  <process>notepad16896</process>
  <message>Memory: 14839808; Processor time:390; Thread count: 7; Handle count: 249; </message>
  <time>2022-11-29T22:58:44.1273589+06:00</time>
</event>
<event>
  <type>Notification</type>
  <process_id>16896</process_id>
  <process>notepad16896</process>
  <message>Memory: 14843904; Processor time:390; Thread count: 7; Handle count: 250; </message>
  <time>2022-11-29T22:58:45.3355057+06:00</time>
</event>
<event>
  <type>Notification</type>
  <process_id>16896</process_id>
  <process>notepad16896</process>
  <message>Memory: 14843904; Processor time:390; Thread count: 7; Handle count: 250; </message>
  <time>2022-11-29T22:58:46.6015741+06:00</time>
</event>
<event>
  <type>Notification</type>
  <process_id>16896</process_id>
  <process>notepad16896</process>
  <message>Memory: 14843904; Processor time:390; Thread count: 7; Handle count: 250; </message>
  <time>2022-11-29T22:58:47.7929257+06:00</time>
</event>
<event>
  <type>Notification</type>
  <process_id>16896</process_id>
  <process>notepad16896</process>
  <message>Memory: 14843904; Processor time:390; Thread count: 7; Handle count: 250; </message>
  <time>2022-11-29T22:58:49.0446629+06:00</time>
</event>
<event>
  <type>Notification</type>
  <process_id>16896</process_id>
  <process>notepad16896</process>
  <message>Memory: 14843904; Processor time:390; Thread count: 7; Handle count: 250; </message>
  <time>2022-11-29T22:58:50.2775462+06:00</time>
</event>
<event>
  <type>Notification</type>
  <process_id>16896</process_id>
  <process>notepad16896</process>
  <message>Memory: 14843904; Processor time:390; Thread count: 7; Handle count: 250; </message>
  <time>2022-11-29T22:58:51.4683981+06:00</time>
</event>
<event>
  <type>Notification</type>
  <process_id>16896</process_id>
  <process>notepad16896</process>
  <message>Memory: 14843904; Processor time:390; Thread count: 7; Handle count: 250; </message>
  <time>2022-11-29T22:58:52.6803455+06:00</time>
</event>
<event>
  <type>Notification</type>
  <process_id>16896</process_id>
  <process>notepad16896</process>
  <message>Memory: 14843904; Processor time:390; Thread count: 7; Handle count: 250; </message>
  <time>2022-11-29T22:58:53.9107319+06:00</time>
</event>
<event>
  <type>Notification</type>
  <process_id>16896</process_id>
  <process>notepad16896</process>
  <message>Memory: 14843904; Processor time:390; Thread count: 7; Handle count: 250; </message>
  <time>2022-11-29T22:58:55.0857026+06:00</time>
</event>
<event>
  <type>Notification</type>
  <process_id>16896</process_id>
  <process>notepad16896</process>
  <message>Memory: 14843904; Processor time:390; Thread count: 7; Handle count: 250; </message>
  <time>2022-11-29T22:58:56.3877052+06:00</time>
</event>
<event>
  <type>Notification</type>
  <process_id>16896</process_id>
  <process>notepad16896</process>
  <message>Memory: 14843904; Processor time:390; Thread count: 7; Handle count: 250; </message>
  <time>2022-11-29T22:58:57.6441336+06:00</time>
</event>
<event>
  <type>Notification</type>
  <process_id>16896</process_id>
  <process>notepad16896</process>
  <message>Memory: 14843904; Processor time:390; Thread count: 7; Handle count: 250; </message>
  <time>2022-11-29T22:58:58.8814543+06:00</time>
</event>
<event>
  <type>Notification</type>
  <process_id>16896</process_id>
  <process>notepad16896</process>
  <message>Memory: 14843904; Processor time:390; Thread count: 7; Handle count: 250; </message>
  <time>2022-11-29T22:59:00.109691+06:00</time>
</event>
<event>
  <type>Notification</type>
  <process_id>16896</process_id>
  <process>notepad16896</process>
  <message>Finished</message>
  <time>2022-11-29T22:59:00.675359+06:00</time>
</event>
