<event>
  <type>Notification</type>
  <process_id>16320</process_id>
  <process>POWERPNT16320</process>
  <message>Started</message>
  <time>2022-11-29T22:58:22.245945+06:00</time>
</event>
<event>
  <type>Notification</type>
  <process_id>16320</process_id>
  <process>POWERPNT16320</process>
  <message>Memory: 61222912; Processor time:78; Thread count: 20; Handle count: 599; </message>
  <time>2022-11-29T22:58:23.3923884+06:00</time>
</event>
<event>
  <type>Notification</type>
  <process_id>16320</process_id>
  <process>POWERPNT16320</process>
  <message>Memory: 119709696; Processor time:500; Thread count: 38; Handle count: 1016; </message>
  <time>2022-11-29T22:58:24.6479875+06:00</time>
</event>
<event>
  <type>Notification</type>
  <process_id>16320</process_id>
  <process>POWERPNT16320</process>
  <message>Memory: 120623104; Processor time:578; Thread count: 38; Handle count: 1007; </message>
  <time>2022-11-29T22:58:25.8521599+06:00</time>
</event>
<event>
  <type>Notification</type>
  <process_id>16320</process_id>
  <process>POWERPNT16320</process>
  <message>Memory: 120631296; Processor time:578; Thread count: 38; Handle count: 1007; </message>
  <time>2022-11-29T22:58:27.1015082+06:00</time>
</event>
<event>
  <type>Notification</type>
  <process_id>16320</process_id>
  <process>POWERPNT16320</process>
  <message>Memory: 123138048; Processor time:703; Thread count: 40; Handle count: 1064; </message>
  <time>2022-11-29T22:58:28.3068802+06:00</time>
</event>
<event>
  <type>Notification</type>
  <process_id>16320</process_id>
  <process>POWERPNT16320</process>
  <message>Memory: 123162624; Processor time:703; Thread count: 40; Handle count: 1064; </message>
  <time>2022-11-29T22:58:29.4951757+06:00</time>
</event>
<event>
  <type>Notification</type>
  <process_id>16320</process_id>
  <process>POWERPNT16320</process>
  <message>Memory: 124043264; Processor time:796; Thread count: 40; Handle count: 1096; </message>
  <time>2022-11-29T22:58:30.7396938+06:00</time>
</event>
<event>
  <type>Notification</type>
  <process_id>16320</process_id>
  <process>POWERPNT16320</process>
  <message>Memory: 124399616; Processor time:843; Thread count: 41; Handle count: 1095; </message>
  <time>2022-11-29T22:58:31.9216932+06:00</time>
</event>
<event>
  <type>Notification</type>
  <process_id>16320</process_id>
  <process>POWERPNT16320</process>
  <message>Memory: 124694528; Processor time:859; Thread count: 41; Handle count: 1108; </message>
  <time>2022-11-29T22:58:33.1311183+06:00</time>
</event>
<event>
  <type>Notification</type>
  <process_id>16320</process_id>
  <process>POWERPNT16320</process>
  <message>Memory: 124780544; Processor time:890; Thread count: 41; Handle count: 1108; </message>
  <time>2022-11-29T22:58:34.3823944+06:00</time>
</event>
<event>
  <type>Notification</type>
  <process_id>16320</process_id>
  <process>POWERPNT16320</process>
  <message>Memory: 124788736; Processor time:937; Thread count: 42; Handle count: 1108; </message>
  <time>2022-11-29T22:58:35.5634254+06:00</time>
</event>
<event>
  <type>Notification</type>
  <process_id>16320</process_id>
  <process>POWERPNT16320</process>
  <message>Memory: 125022208; Processor time:140; Thread count: 42; Handle count: 1119; </message>
  <time>2022-11-29T22:58:36.768256+06:00</time>
</event>
<event>
  <type>Notification</type>
  <process_id>16320</process_id>
  <process>POWERPNT16320</process>
  <message>Memory: 125038592; Processor time:218; Thread count: 43; Handle count: 1117; </message>
  <time>2022-11-29T22:58:38.0446344+06:00</time>
</event>
<event>
  <type>Notification</type>
  <process_id>16320</process_id>
  <process>POWERPNT16320</process>
  <message>Memory: 125042688; Processor time:218; Thread count: 43; Handle count: 1121; </message>
  <time>2022-11-29T22:58:39.2976437+06:00</time>
</event>
<event>
  <type>Notification</type>
  <process_id>16320</process_id>
  <process>POWERPNT16320</process>
  <message>Memory: 124764160; Processor time:218; Thread count: 43; Handle count: 1121; </message>
  <time>2022-11-29T22:58:40.5679129+06:00</time>
</event>
<event>
  <type>Notification</type>
  <process_id>16320</process_id>
  <process>POWERPNT16320</process>
  <message>Memory: 124764160; Processor time:218; Thread count: 43; Handle count: 1121; </message>
  <time>2022-11-29T22:58:41.7956906+06:00</time>
</event>
<event>
  <type>Notification</type>
  <process_id>16320</process_id>
  <process>POWERPNT16320</process>
  <message>Memory: 124764160; Processor time:218; Thread count: 43; Handle count: 1121; </message>
  <time>2022-11-29T22:58:43.0219428+06:00</time>
</event>
<event>
  <type>Notification</type>
  <process_id>16320</process_id>
  <process>POWERPNT16320</process>
  <message>Memory: 124616704; Processor time:218; Thread count: 40; Handle count: 1100; </message>
  <time>2022-11-29T22:58:44.2368606+06:00</time>
</event>
<event>
  <type>Notification</type>
  <process_id>16320</process_id>
  <process>POWERPNT16320</process>
  <message>Memory: 124616704; Processor time:218; Thread count: 40; Handle count: 1100; </message>
  <time>2022-11-29T22:58:45.4379487+06:00</time>
</event>
<event>
  <type>Notification</type>
  <process_id>16320</process_id>
  <process>POWERPNT16320</process>
  <message>Memory: 124616704; Processor time:218; Thread count: 40; Handle count: 1100; </message>
  <time>2022-11-29T22:58:46.7242695+06:00</time>
</event>
<event>
  <type>Notification</type>
  <process_id>16320</process_id>
  <process>POWERPNT16320</process>
  <message>Memory: 124616704; Processor time:218; Thread count: 40; Handle count: 1100; </message>
  <time>2022-11-29T22:58:47.9629007+06:00</time>
</event>
<event>
  <type>Notification</type>
  <process_id>16320</process_id>
  <process>POWERPNT16320</process>
  <message>Memory: 124616704; Processor time:218; Thread count: 40; Handle count: 1100; </message>
  <time>2022-11-29T22:58:49.1727722+06:00</time>
</event>
<event>
  <type>Notification</type>
  <process_id>16320</process_id>
  <process>POWERPNT16320</process>
  <message>Memory: 124616704; Processor time:218; Thread count: 40; Handle count: 1100; </message>
  <time>2022-11-29T22:58:50.4125668+06:00</time>
</event>
<event>
  <type>Notification</type>
  <process_id>16320</process_id>
  <process>POWERPNT16320</process>
  <message>Memory: 124616704; Processor time:218; Thread count: 40; Handle count: 1100; </message>
  <time>2022-11-29T22:58:51.6266633+06:00</time>
</event>
<event>
  <type>Notification</type>
  <process_id>16320</process_id>
  <process>POWERPNT16320</process>
  <message>Memory: 124538880; Processor time:218; Thread count: 38; Handle count: 1100; </message>
  <time>2022-11-29T22:58:52.8242574+06:00</time>
</event>
<event>
  <type>Notification</type>
  <process_id>16320</process_id>
  <process>POWERPNT16320</process>
  <message>Memory: 124297216; Processor time:218; Thread count: 38; Handle count: 1100; </message>
  <time>2022-11-29T22:58:54.060677+06:00</time>
</event>
<event>
  <type>Notification</type>
  <process_id>16320</process_id>
  <process>POWERPNT16320</process>
  <message>Memory: 124301312; Processor time:218; Thread count: 37; Handle count: 1096; </message>
  <time>2022-11-29T22:58:55.289012+06:00</time>
</event>
<event>
  <type>Notification</type>
  <process_id>16320</process_id>
  <process>POWERPNT16320</process>
  <message>Memory: 124301312; Processor time:218; Thread count: 37; Handle count: 1096; </message>
  <time>2022-11-29T22:58:56.5362956+06:00</time>
</event>
<event>
  <type>Notification</type>
  <process_id>16320</process_id>
  <process>POWERPNT16320</process>
  <message>Memory: 124301312; Processor time:218; Thread count: 37; Handle count: 1096; </message>
  <time>2022-11-29T22:58:57.8033016+06:00</time>
</event>
<event>
  <type>Notification</type>
  <process_id>16320</process_id>
  <process>POWERPNT16320</process>
  <message>Memory: 124301312; Processor time:218; Thread count: 37; Handle count: 1096; </message>
  <time>2022-11-29T22:58:59.0452635+06:00</time>
</event>
<event>
  <type>Notification</type>
  <process_id>16320</process_id>
  <process>POWERPNT16320</process>
  <message>Memory: 124301312; Processor time:218; Thread count: 37; Handle count: 1095; </message>
  <time>2022-11-29T22:59:00.2432747+06:00</time>
</event>
<event>
  <type>Notification</type>
  <process_id>16320</process_id>
  <process>POWERPNT16320</process>
  <message>Finished</message>
  <time>2022-11-29T22:59:00.7693706+06:00</time>
</event>
