<event>
  <type>Notification</type>
  <process_id>19356</process_id>
  <process>Telegram19356</process>
  <message>Started</message>
  <time>2022-11-29T22:57:42.2781612+06:00</time>
</event>
<event>
  <type>Notification</type>
  <process_id>19356</process_id>
  <process>Telegram19356</process>
  <message>Memory: 200691712; Processor time:843; Thread count: 35; Handle count: 645; </message>
  <time>2022-11-29T22:57:43.3971022+06:00</time>
</event>
<event>
  <type>Notification</type>
  <process_id>19356</process_id>
  <process>Telegram19356</process>
  <message>Memory: 200732672; Processor time:921; Thread count: 35; Handle count: 648; </message>
  <time>2022-11-29T22:57:44.6193729+06:00</time>
</event>
<event>
  <type>Notification</type>
  <process_id>19356</process_id>
  <process>Telegram19356</process>
  <message>Memory: 200732672; Processor time:921; Thread count: 35; Handle count: 648; </message>
  <time>2022-11-29T22:57:45.8417133+06:00</time>
</event>
<event>
  <type>Notification</type>
  <process_id>19356</process_id>
  <process>Telegram19356</process>
  <message>Memory: 200732672; Processor time:921; Thread count: 35; Handle count: 648; </message>
  <time>2022-11-29T22:57:47.0952836+06:00</time>
</event>
<event>
  <type>Notification</type>
  <process_id>19356</process_id>
  <process>Telegram19356</process>
  <message>Memory: 200732672; Processor time:921; Thread count: 35; Handle count: 648; </message>
  <time>2022-11-29T22:57:48.3559176+06:00</time>
</event>
<event>
  <type>Notification</type>
  <process_id>19356</process_id>
  <process>Telegram19356</process>
  <message>Memory: 200704000; Processor time:921; Thread count: 35; Handle count: 648; </message>
  <time>2022-11-29T22:57:49.6029078+06:00</time>
</event>
<event>
  <type>Notification</type>
  <process_id>19356</process_id>
  <process>Telegram19356</process>
  <message>Memory: 200704000; Processor time:921; Thread count: 35; Handle count: 648; </message>
  <time>2022-11-29T22:57:50.8154992+06:00</time>
</event>
<event>
  <type>Notification</type>
  <process_id>19356</process_id>
  <process>Telegram19356</process>
  <message>Memory: 200704000; Processor time:921; Thread count: 35; Handle count: 648; </message>
  <time>2022-11-29T22:57:52.0496912+06:00</time>
</event>
<event>
  <type>Notification</type>
  <process_id>19356</process_id>
  <process>Telegram19356</process>
  <message>Memory: 200704000; Processor time:921; Thread count: 35; Handle count: 648; </message>
  <time>2022-11-29T22:57:53.2554895+06:00</time>
</event>
<event>
  <type>Notification</type>
  <process_id>19356</process_id>
  <process>Telegram19356</process>
  <message>Memory: 200704000; Processor time:921; Thread count: 35; Handle count: 648; </message>
  <time>2022-11-29T22:57:54.4673964+06:00</time>
</event>
<event>
  <type>Notification</type>
  <process_id>19356</process_id>
  <process>Telegram19356</process>
  <message>Memory: 200704000; Processor time:921; Thread count: 35; Handle count: 648; </message>
  <time>2022-11-29T22:57:55.6890362+06:00</time>
</event>
<event>
  <type>Notification</type>
  <process_id>19356</process_id>
  <process>Telegram19356</process>
  <message>Memory: 200704000; Processor time:921; Thread count: 35; Handle count: 648; </message>
  <time>2022-11-29T22:57:56.9511929+06:00</time>
</event>
<event>
  <type>Notification</type>
  <process_id>19356</process_id>
  <process>Telegram19356</process>
  <message>Memory: 200704000; Processor time:921; Thread count: 35; Handle count: 648; </message>
  <time>2022-11-29T22:57:58.2214968+06:00</time>
</event>
<event>
  <type>Notification</type>
  <process_id>19356</process_id>
  <process>Telegram19356</process>
  <message>Memory: 200736768; Processor time:921; Thread count: 35; Handle count: 646; </message>
  <time>2022-11-29T22:57:59.4496908+06:00</time>
</event>
<event>
  <type>Notification</type>
  <process_id>19356</process_id>
  <process>Telegram19356</process>
  <message>Memory: 200732672; Processor time:921; Thread count: 35; Handle count: 646; </message>
  <time>2022-11-29T22:58:00.67868+06:00</time>
</event>
<event>
  <type>Notification</type>
  <process_id>19356</process_id>
  <process>Telegram19356</process>
  <message>Memory: 200732672; Processor time:921; Thread count: 35; Handle count: 646; </message>
  <time>2022-11-29T22:58:01.9729954+06:00</time>
</event>
<event>
  <type>Notification</type>
  <process_id>19356</process_id>
  <process>Telegram19356</process>
  <message>Memory: 200732672; Processor time:921; Thread count: 35; Handle count: 646; </message>
  <time>2022-11-29T22:58:03.2949009+06:00</time>
</event>
<event>
  <type>Notification</type>
  <process_id>19356</process_id>
  <process>Telegram19356</process>
  <message>Memory: 200732672; Processor time:921; Thread count: 35; Handle count: 646; </message>
  <time>2022-11-29T22:58:04.5233486+06:00</time>
</event>
<event>
  <type>Notification</type>
  <process_id>19356</process_id>
  <process>Telegram19356</process>
  <message>Memory: 198791168; Processor time:921; Thread count: 35; Handle count: 646; </message>
  <time>2022-11-29T22:58:05.7713647+06:00</time>
</event>
<event>
  <type>Notification</type>
  <process_id>19356</process_id>
  <process>Telegram19356</process>
  <message>Memory: 198795264; Processor time:921; Thread count: 35; Handle count: 646; </message>
  <time>2022-11-29T22:58:07.0028148+06:00</time>
</event>
<event>
  <type>Notification</type>
  <process_id>19356</process_id>
  <process>Telegram19356</process>
  <message>Memory: 198795264; Processor time:921; Thread count: 35; Handle count: 646; </message>
  <time>2022-11-29T22:58:08.2297124+06:00</time>
</event>
<event>
  <type>Notification</type>
  <process_id>19356</process_id>
  <process>Telegram19356</process>
  <message>Memory: 198864896; Processor time:921; Thread count: 35; Handle count: 646; </message>
  <time>2022-11-29T22:58:09.4437045+06:00</time>
</event>
<event>
  <type>Notification</type>
  <process_id>19356</process_id>
  <process>Telegram19356</process>
  <message>Memory: 198864896; Processor time:921; Thread count: 35; Handle count: 646; </message>
  <time>2022-11-29T22:58:10.633267+06:00</time>
</event>
<event>
  <type>Notification</type>
  <process_id>19356</process_id>
  <process>Telegram19356</process>
  <message>Memory: 198864896; Processor time:921; Thread count: 35; Handle count: 646; </message>
  <time>2022-11-29T22:58:11.8487821+06:00</time>
</event>
<event>
  <type>Notification</type>
  <process_id>19356</process_id>
  <process>Telegram19356</process>
  <message>Memory: 198733824; Processor time:921; Thread count: 31; Handle count: 642; </message>
  <time>2022-11-29T22:58:13.0973453+06:00</time>
</event>
<event>
  <type>Notification</type>
  <process_id>19356</process_id>
  <process>Telegram19356</process>
  <message>Memory: 198733824; Processor time:921; Thread count: 31; Handle count: 642; </message>
  <time>2022-11-29T22:58:14.3155252+06:00</time>
</event>
<event>
  <type>Notification</type>
  <process_id>19356</process_id>
  <process>Telegram19356</process>
  <message>Memory: 198733824; Processor time:921; Thread count: 31; Handle count: 642; </message>
  <time>2022-11-29T22:58:15.5441771+06:00</time>
</event>
<event>
  <type>Notification</type>
  <process_id>19356</process_id>
  <process>Telegram19356</process>
  <message>Memory: 198733824; Processor time:921; Thread count: 31; Handle count: 642; </message>
  <time>2022-11-29T22:58:16.7900788+06:00</time>
</event>
<event>
  <type>Notification</type>
  <process_id>19356</process_id>
  <process>Telegram19356</process>
  <message>Memory: 198733824; Processor time:921; Thread count: 31; Handle count: 642; </message>
  <time>2022-11-29T22:58:18.0111052+06:00</time>
</event>
<event>
  <type>Notification</type>
  <process_id>19356</process_id>
  <process>Telegram19356</process>
  <message>Memory: 198733824; Processor time:937; Thread count: 31; Handle count: 642; </message>
  <time>2022-11-29T22:58:19.2723844+06:00</time>
</event>
<event>
  <type>Notification</type>
  <process_id>19356</process_id>
  <process>Telegram19356</process>
  <message>Memory: 198733824; Processor time:937; Thread count: 31; Handle count: 642; </message>
  <time>2022-11-29T22:58:20.5153876+06:00</time>
</event>
<event>
  <type>Notification</type>
  <process_id>19356</process_id>
  <process>Telegram19356</process>
  <message>Memory: 198733824; Processor time:937; Thread count: 31; Handle count: 642; </message>
  <time>2022-11-29T22:58:21.732519+06:00</time>
</event>
<event>
  <type>Notification</type>
  <process_id>19356</process_id>
  <process>Telegram19356</process>
  <message>Memory: 198733824; Processor time:937; Thread count: 31; Handle count: 642; </message>
  <time>2022-11-29T22:58:22.9905737+06:00</time>
</event>
<event>
  <type>Notification</type>
  <process_id>19356</process_id>
  <process>Telegram19356</process>
  <message>Memory: 198733824; Processor time:937; Thread count: 31; Handle count: 642; </message>
  <time>2022-11-29T22:58:24.3748456+06:00</time>
</event>
<event>
  <type>Notification</type>
  <process_id>19356</process_id>
  <process>Telegram19356</process>
  <message>Memory: 198733824; Processor time:937; Thread count: 31; Handle count: 642; </message>
  <time>2022-11-29T22:58:25.6296162+06:00</time>
</event>
<event>
  <type>Notification</type>
  <process_id>19356</process_id>
  <process>Telegram19356</process>
  <message>Memory: 198733824; Processor time:937; Thread count: 31; Handle count: 642; </message>
  <time>2022-11-29T22:58:26.8672735+06:00</time>
</event>
<event>
  <type>Notification</type>
  <process_id>19356</process_id>
  <process>Telegram19356</process>
  <message>Memory: 198746112; Processor time:937; Thread count: 31; Handle count: 642; </message>
  <time>2022-11-29T22:58:28.1006575+06:00</time>
</event>
<event>
  <type>Notification</type>
  <process_id>19356</process_id>
  <process>Telegram19356</process>
  <message>Memory: 198746112; Processor time:953; Thread count: 31; Handle count: 642; </message>
  <time>2022-11-29T22:58:29.3760428+06:00</time>
</event>
<event>
  <type>Notification</type>
  <process_id>19356</process_id>
  <process>Telegram19356</process>
  <message>Memory: 198746112; Processor time:953; Thread count: 31; Handle count: 642; </message>
  <time>2022-11-29T22:58:30.6327607+06:00</time>
</event>
<event>
  <type>Notification</type>
  <process_id>19356</process_id>
  <process>Telegram19356</process>
  <message>Memory: 198746112; Processor time:953; Thread count: 31; Handle count: 642; </message>
  <time>2022-11-29T22:58:31.858309+06:00</time>
</event>
<event>
  <type>Notification</type>
  <process_id>19356</process_id>
  <process>Telegram19356</process>
  <message>Memory: 198746112; Processor time:953; Thread count: 31; Handle count: 642; </message>
  <time>2022-11-29T22:58:33.0323848+06:00</time>
</event>
<event>
  <type>Notification</type>
  <process_id>19356</process_id>
  <process>Telegram19356</process>
  <message>Memory: 198746112; Processor time:953; Thread count: 31; Handle count: 642; </message>
  <time>2022-11-29T22:58:34.3163276+06:00</time>
</event>
<event>
  <type>Notification</type>
  <process_id>19356</process_id>
  <process>Telegram19356</process>
  <message>Memory: 198696960; Processor time:953; Thread count: 29; Handle count: 642; </message>
  <time>2022-11-29T22:58:35.5411804+06:00</time>
</event>
<event>
  <type>Notification</type>
  <process_id>19356</process_id>
  <process>Telegram19356</process>
  <message>Memory: 198696960; Processor time:953; Thread count: 29; Handle count: 642; </message>
  <time>2022-11-29T22:58:36.7656012+06:00</time>
</event>
<event>
  <type>Notification</type>
  <process_id>19356</process_id>
  <process>Telegram19356</process>
  <message>Memory: 198696960; Processor time:953; Thread count: 29; Handle count: 640; </message>
  <time>2022-11-29T22:58:38.1033687+06:00</time>
</event>
<event>
  <type>Notification</type>
  <process_id>19356</process_id>
  <process>Telegram19356</process>
  <message>Memory: 198705152; Processor time:968; Thread count: 29; Handle count: 640; </message>
  <time>2022-11-29T22:58:39.3821022+06:00</time>
</event>
<event>
  <type>Notification</type>
  <process_id>19356</process_id>
  <process>Telegram19356</process>
  <message>Memory: 198705152; Processor time:968; Thread count: 29; Handle count: 640; </message>
  <time>2022-11-29T22:58:40.6200571+06:00</time>
</event>
<event>
  <type>Notification</type>
  <process_id>19356</process_id>
  <process>Telegram19356</process>
  <message>Memory: 198705152; Processor time:968; Thread count: 29; Handle count: 640; </message>
  <time>2022-11-29T22:58:41.8015334+06:00</time>
</event>
<event>
  <type>Notification</type>
  <process_id>19356</process_id>
  <process>Telegram19356</process>
  <message>Memory: 198705152; Processor time:968; Thread count: 29; Handle count: 642; </message>
  <time>2022-11-29T22:58:43.0219428+06:00</time>
</event>
<event>
  <type>Notification</type>
  <process_id>19356</process_id>
  <process>Telegram19356</process>
  <message>Memory: 198705152; Processor time:968; Thread count: 29; Handle count: 642; </message>
  <time>2022-11-29T22:58:44.2061711+06:00</time>
</event>
<event>
  <type>Notification</type>
  <process_id>19356</process_id>
  <process>Telegram19356</process>
  <message>Memory: 198705152; Processor time:968; Thread count: 29; Handle count: 642; </message>
  <time>2022-11-29T22:58:45.4309105+06:00</time>
</event>
<event>
  <type>Notification</type>
  <process_id>19356</process_id>
  <process>Telegram19356</process>
  <message>Memory: 199651328; Processor time:31; Thread count: 29; Handle count: 664; </message>
  <time>2022-11-29T22:58:46.6277107+06:00</time>
</event>
<event>
  <type>Notification</type>
  <process_id>19356</process_id>
  <process>Telegram19356</process>
  <message>Memory: 199565312; Processor time:78; Thread count: 29; Handle count: 664; </message>
  <time>2022-11-29T22:58:47.8604273+06:00</time>
</event>
<event>
  <type>Notification</type>
  <process_id>19356</process_id>
  <process>Telegram19356</process>
  <message>Memory: 199532544; Processor time:125; Thread count: 29; Handle count: 664; </message>
  <time>2022-11-29T22:58:49.0778048+06:00</time>
</event>
<event>
  <type>Notification</type>
  <process_id>19356</process_id>
  <process>Telegram19356</process>
  <message>Memory: 199536640; Processor time:125; Thread count: 29; Handle count: 664; </message>
  <time>2022-11-29T22:58:50.3220201+06:00</time>
</event>
<event>
  <type>Notification</type>
  <process_id>19356</process_id>
  <process>Telegram19356</process>
  <message>Memory: 199536640; Processor time:125; Thread count: 29; Handle count: 664; </message>
  <time>2022-11-29T22:58:51.5373405+06:00</time>
</event>
<event>
  <type>Notification</type>
  <process_id>19356</process_id>
  <process>Telegram19356</process>
  <message>Memory: 199536640; Processor time:125; Thread count: 29; Handle count: 664; </message>
  <time>2022-11-29T22:58:52.7339804+06:00</time>
</event>
<event>
  <type>Notification</type>
  <process_id>19356</process_id>
  <process>Telegram19356</process>
  <message>Memory: 199536640; Processor time:125; Thread count: 29; Handle count: 664; </message>
  <time>2022-11-29T22:58:53.9336441+06:00</time>
</event>
<event>
  <type>Notification</type>
  <process_id>19356</process_id>
  <process>Telegram19356</process>
  <message>Memory: 199536640; Processor time:125; Thread count: 29; Handle count: 664; </message>
  <time>2022-11-29T22:58:55.1234473+06:00</time>
</event>
<event>
  <type>Notification</type>
  <process_id>19356</process_id>
  <process>Telegram19356</process>
  <message>Memory: 199536640; Processor time:125; Thread count: 29; Handle count: 664; </message>
  <time>2022-11-29T22:58:56.3724279+06:00</time>
</event>
<event>
  <type>Notification</type>
  <process_id>19356</process_id>
  <process>Telegram19356</process>
  <message>Memory: 199536640; Processor time:125; Thread count: 29; Handle count: 664; </message>
  <time>2022-11-29T22:58:57.6053235+06:00</time>
</event>
<event>
  <type>Notification</type>
  <process_id>19356</process_id>
  <process>Telegram19356</process>
  <message>Finished</message>
  <time>2022-11-29T22:58:58.0627533+06:00</time>
</event>
