<event>
  <type>Notification</type>
  <process_id>9780</process_id>
  <process>notepad</process>
  <message>Started</message>
  <time>2022-11-12T10:42:59.3996877+06:00</time>
</event>
<event>
  <type>Notification</type>
  <process_id>9780</process_id>
  <process>notepad</process>
  <message>Memory: 1548288; Processor time:156; Thread count: 1; Handle count: 5; </message>
  <time>2022-11-12T10:43:01.7150078+06:00</time>
</event>
<event>
  <type>Notification</type>
  <process_id>9780</process_id>
  <process>notepad</process>
  <message>Memory: 1548288; Processor time:171; Thread count: 1; Handle count: 5; </message>
  <time>2022-11-12T10:43:03.7626787+06:00</time>
</event>
<event>
  <type>Notification</type>
  <process_id>9780</process_id>
  <process>notepad</process>
  <message>Memory: 1548288; Processor time:578; Thread count: 1; Handle count: 5; </message>
  <time>2022-11-12T10:43:05.7998837+06:00</time>
</event>
<event>
  <type>Warning</type>
  <process_id>9780</process_id>
  <process>notepad</process>
  <message>Memory: 1548288; Warning Processor time:859; Thread count: 1; Handle count: 5; </message>
  <time>2022-11-12T10:43:06.1594498+06:00</time>
</event>
<event>
  <type>Notification</type>
  <process_id>9780</process_id>
  <process>notepad</process>
  <message>Memory: 1548288; Processor time:625; Thread count: 1; Handle count: 5; </message>
  <time>2022-11-12T10:43:07.884645+06:00</time>
</event>
<event>
  <type>Notification</type>
  <process_id>9780</process_id>
  <process>notepad</process>
  <message>Memory: 1548288; Processor time:781; Thread count: 1; Handle count: 5; </message>
  <time>2022-11-12T10:43:09.9051958+06:00</time>
</event>
<event>
  <type>Notification</type>
  <process_id>9780</process_id>
  <process>notepad</process>
  <message>Finished</message>
  <time>2022-11-12T10:43:10.9551104+06:00</time>
</event>
