<event>
  <type>Notification</type>
  <process_id>14828</process_id>
  <process>notepad</process>
  <message>Started</message>
  <time>2022-11-11T21:25:15.1713852+06:00</time>
</event>
<event>
  <type>Notification</type>
  <process_id>14828</process_id>
  <process>notepad</process>
  <message>Memory: 1552384; Processor time:156; Thread count: 1; Handle count: 5; </message>
  <time>2022-11-11T21:25:17.198134+06:00</time>
</event>
<event>
  <type>Notification</type>
  <process_id>14828</process_id>
  <process>notepad</process>
  <message>Memory: 1552384; Processor time:265; Thread count: 1; Handle count: 5; </message>
  <time>2022-11-11T21:25:19.221096+06:00</time>
</event>
<event>
  <type>Notification</type>
  <process_id>14828</process_id>
  <process>notepad</process>
  <message>Memory: 1552384; Processor time:625; Thread count: 1; Handle count: 5; </message>
  <time>2022-11-11T21:25:21.2328868+06:00</time>
</event>
<event>
  <type>Warning</type>
  <process_id>14828</process_id>
  <process>notepad</process>
  <message>Memory: 1552384; Warning Processor time:859; Thread count: 1; Handle count: 5; </message>
  <time>2022-11-11T21:25:21.7455105+06:00</time>
</event>
<event>
  <type>Warning</type>
  <process_id>14828</process_id>
  <process>notepad</process>
  <message>Memory: 1552384; Warning Processor time:859; Thread count: 1; Handle count: 5; </message>
  <time>2022-11-11T21:25:23.0487426+06:00</time>
</event>
<event>
  <type>Notification</type>
  <process_id>14828</process_id>
  <process>notepad</process>
  <message>Memory: 1552384; Warning Processor time:906; Thread count: 1; Handle count: 5; </message>
  <time>2022-11-11T21:25:23.2310462+06:00</time>
</event>
<event>
  <type>Warning</type>
  <process_id>14828</process_id>
  <process>notepad</process>
  <message>Memory: 1552384; Warning Processor time:859; Thread count: 1; Handle count: 5; </message>
  <time>2022-11-11T21:25:24.6291297+06:00</time>
</event>
<event>
  <type>Notification</type>
  <process_id>14828</process_id>
  <process>notepad</process>
  <message>Memory: 1552384; Warning Processor time:875; Thread count: 1; Handle count: 5; </message>
  <time>2022-11-11T21:25:25.2390881+06:00</time>
</event>
<event>
  <type>Warning</type>
  <process_id>14828</process_id>
  <process>notepad</process>
  <message>Memory: 1552384; Warning Processor time:906; Thread count: 1; Handle count: 5; </message>
  <time>2022-11-11T21:25:25.6416227+06:00</time>
</event>
<event>
  <type>Notification</type>
  <process_id>14828</process_id>
  <process>notepad</process>
  <message>Memory: 1552384; Processor time:62; Thread count: 1; Handle count: 5; </message>
  <time>2022-11-11T21:25:27.2605315+06:00</time>
</event>
<event>
  <type>Notification</type>
  <process_id>14828</process_id>
  <process>notepad</process>
  <message>Finished</message>
  <time>2022-11-11T21:25:27.6817591+06:00</time>
</event>
